period,period_label,series_id,series_name,value,unit,source,dataset_id,frequency,model_use,concept_note,aggregation,value_variable_code,value_variable_name,series_code,revision_reference
1996,1996,93,Populacao residente,163768.0,Mil pessoas,IBGE SIDRA,CNA 6784,annual,brazil_annual_context,Annual official Brazil macro context from CNA 6784.,annual_official,,,,
1997,1997,93,Populacao residente,166187.0,Mil pessoas,IBGE SIDRA,CNA 6784,annual,brazil_annual_context,Annual official Brazil macro context from CNA 6784.,annual_official,,,,
1998,1998,93,Populacao residente,168606.0,Mil pessoas,IBGE SIDRA,CNA 6784,annual,brazil_annual_context,Annual official Brazil macro context from CNA 6784.,annual_official,,,,
1999,1999,93,Populacao residente,171029.0,Mil pessoas,IBGE SIDRA,CNA 6784,annual,brazil_annual_context,Annual official Brazil macro context from CNA 6784.,annual_official,,,,
2000,2000,93,Populacao residente,174696.0,Mil pessoas,IBGE SIDRA,CNA 6784,annual,brazil_annual_context,Annual official Brazil macro context from CNA 6784.,annual_official,,,,
2001,2001,93,Populacao residente,177004.0,Mil pessoas,IBGE SIDRA,CNA 6784,annual,brazil_annual_context,Annual official Brazil macro context from CNA 6784.,annual_official,,,,
2002,2002,93,Populacao residente,179228.0,Mil pessoas,IBGE SIDRA,CNA 6784,annual,brazil_annual_context,Annual official Brazil macro context from CNA 6784.,annual_official,,,,
2003,2003,93,Populacao residente,181378.0,Mil pessoas,IBGE SIDRA,CNA 6784,annual,brazil_annual_context,Annual official Brazil macro context from CNA 6784.,annual_official,,,,
2004,2004,93,Populacao residente,183470.0,Mil pessoas,IBGE SIDRA,CNA 6784,annual,brazil_annual_context,Annual official Brazil macro context from CNA 6784.,annual_official,,,,
2005,2005,93,Populacao residente,185518.0,Mil pessoas,IBGE SIDRA,CNA 6784,annual,brazil_annual_context,Annual official Brazil macro context from CNA 6784.,annual_official,,,,
2006,2006,93,Populacao residente,187535.0,Mil pessoas,IBGE SIDRA,CNA 6784,annual,brazil_annual_context,Annual official Brazil macro context from CNA 6784.,annual_official,,,,
2007,2007,93,Populacao residente,189459.0,Mil pessoas,IBGE SIDRA,CNA 6784,annual,brazil_annual_context,Annual official Brazil macro context from CNA 6784.,annual_official,,,,
2008,2008,93,Populacao residente,191335.0,Mil pessoas,IBGE SIDRA,CNA 6784,annual,brazil_annual_context,Annual official Brazil macro context from CNA 6784.,annual_official,,,,
2009,2009,93,Populacao residente,193174.0,Mil pessoas,IBGE SIDRA,CNA 6784,annual,brazil_annual_context,Annual official Brazil macro context from CNA 6784.,annual_official,,,,
2010,2010,93,Populacao residente,194749.0,Mil pessoas,IBGE SIDRA,CNA 6784,annual,brazil_annual_context,Annual official Brazil macro context from CNA 6784.,annual_official,,,,
2011,2011,93,Populacao residente,196159.0,Mil pessoas,IBGE SIDRA,CNA 6784,annual,brazil_annual_context,Annual official Brazil macro context from CNA 6784.,annual_official,,,,
2012,2012,93,Populacao residente,197671.0,Mil pessoas,IBGE SIDRA,CNA 6784,annual,brazil_annual_context,Annual official Brazil macro context from CNA 6784.,annual_official,,,,
2013,2013,93,Populacao residente,199227.0,Mil pessoas,IBGE SIDRA,CNA 6784,annual,brazil_annual_context,Annual official Brazil macro context from CNA 6784.,annual_official,,,,
2014,2014,93,Populacao residente,200811.0,Mil pessoas,IBGE SIDRA,CNA 6784,annual,brazil_annual_context,Annual official Brazil macro context from CNA 6784.,annual_official,,,,
2015,2015,93,Populacao residente,202404.0,Mil pessoas,IBGE SIDRA,CNA 6784,annual,brazil_annual_context,Annual official Brazil macro context from CNA 6784.,annual_official,,,,
2016,2016,93,Populacao residente,203872.0,Mil pessoas,IBGE SIDRA,CNA 6784,annual,brazil_annual_context,Annual official Brazil macro context from CNA 6784.,annual_official,,,,
2017,2017,93,Populacao residente,205212.0,Mil pessoas,IBGE SIDRA,CNA 6784,annual,brazil_annual_context,Annual official Brazil macro context from CNA 6784.,annual_official,,,,
2018,2018,93,Populacao residente,206529.0,Mil pessoas,IBGE SIDRA,CNA 6784,annual,brazil_annual_context,Annual official Brazil macro context from CNA 6784.,annual_official,,,,
2019,2019,93,Populacao residente,207900.0,Mil pessoas,IBGE SIDRA,CNA 6784,annual,brazil_annual_context,Annual official Brazil macro context from CNA 6784.,annual_official,,,,
2020,2020,93,Populacao residente,209165.0,Mil pessoas,IBGE SIDRA,CNA 6784,annual,brazil_annual_context,Annual official Brazil macro context from CNA 6784.,annual_official,,,,
2021,2021,93,Populacao residente,210104.0,Mil pessoas,IBGE SIDRA,CNA 6784,annual,brazil_annual_context,Annual official Brazil macro context from CNA 6784.,annual_official,,,,
2022,2022,93,Populacao residente,210863.0,Mil pessoas,IBGE SIDRA,CNA 6784,annual,brazil_annual_context,Annual official Brazil macro context from CNA 6784.,annual_official,,,,
2023,2023,93,Populacao residente,211695.0,Mil pessoas,IBGE SIDRA,CNA 6784,annual,brazil_annual_context,Annual official Brazil macro context from CNA 6784.,annual_official,,,,
1996,1996,9808,PIB - valores correntes,854764.0,Milhoes de Reais,IBGE SIDRA,CNA 6784,annual,brazil_annual_context,Annual official Brazil macro context from CNA 6784.,annual_official,,,,
1997,1997,9808,PIB - valores correntes,952089.0,Milhoes de Reais,IBGE SIDRA,CNA 6784,annual,brazil_annual_context,Annual official Brazil macro context from CNA 6784.,annual_official,,,,
1998,1998,9808,PIB - valores correntes,1002351.0,Milhoes de Reais,IBGE SIDRA,CNA 6784,annual,brazil_annual_context,Annual official Brazil macro context from CNA 6784.,annual_official,,,,
1999,1999,9808,PIB - valores correntes,1087710.0,Milhoes de Reais,IBGE SIDRA,CNA 6784,annual,brazil_annual_context,Annual official Brazil macro context from CNA 6784.,annual_official,,,,
2000,2000,9808,PIB - valores correntes,1199092.0,Milhoes de Reais,IBGE SIDRA,CNA 6784,annual,brazil_annual_context,Annual official Brazil macro context from CNA 6784.,annual_official,,,,
2001,2001,9808,PIB - valores correntes,1315755.0,Milhoes de Reais,IBGE SIDRA,CNA 6784,annual,brazil_annual_context,Annual official Brazil macro context from CNA 6784.,annual_official,,,,
2002,2002,9808,PIB - valores correntes,1488787.0,Milhoes de Reais,IBGE SIDRA,CNA 6784,annual,brazil_annual_context,Annual official Brazil macro context from CNA 6784.,annual_official,,,,
2003,2003,9808,PIB - valores correntes,1717950.0,Milhoes de Reais,IBGE SIDRA,CNA 6784,annual,brazil_annual_context,Annual official Brazil macro context from CNA 6784.,annual_official,,,,
2004,2004,9808,PIB - valores correntes,1957751.0,Milhoes de Reais,IBGE SIDRA,CNA 6784,annual,brazil_annual_context,Annual official Brazil macro context from CNA 6784.,annual_official,,,,
2005,2005,9808,PIB - valores correntes,2170585.0,Milhoes de Reais,IBGE SIDRA,CNA 6784,annual,brazil_annual_context,Annual official Brazil macro context from CNA 6784.,annual_official,,,,
2006,2006,9808,PIB - valores correntes,2409450.0,Milhoes de Reais,IBGE SIDRA,CNA 6784,annual,brazil_annual_context,Annual official Brazil macro context from CNA 6784.,annual_official,,,,
2007,2007,9808,PIB - valores correntes,2720263.0,Milhoes de Reais,IBGE SIDRA,CNA 6784,annual,brazil_annual_context,Annual official Brazil macro context from CNA 6784.,annual_official,,,,
2008,2008,9808,PIB - valores correntes,3109803.0,Milhoes de Reais,IBGE SIDRA,CNA 6784,annual,brazil_annual_context,Annual official Brazil macro context from CNA 6784.,annual_official,,,,
2009,2009,9808,PIB - valores correntes,3333039.0,Milhoes de Reais,IBGE SIDRA,CNA 6784,annual,brazil_annual_context,Annual official Brazil macro context from CNA 6784.,annual_official,,,,
2010,2010,9808,PIB - valores correntes,3885847.0,Milhoes de Reais,IBGE SIDRA,CNA 6784,annual,brazil_annual_context,Annual official Brazil macro context from CNA 6784.,annual_official,,,,
2011,2011,9808,PIB - valores correntes,4376382.0,Milhoes de Reais,IBGE SIDRA,CNA 6784,annual,brazil_annual_context,Annual official Brazil macro context from CNA 6784.,annual_official,,,,
2012,2012,9808,PIB - valores correntes,4814760.0,Milhoes de Reais,IBGE SIDRA,CNA 6784,annual,brazil_annual_context,Annual official Brazil macro context from CNA 6784.,annual_official,,,,
2013,2013,9808,PIB - valores correntes,5331619.0,Milhoes de Reais,IBGE SIDRA,CNA 6784,annual,brazil_annual_context,Annual official Brazil macro context from CNA 6784.,annual_official,,,,
2014,2014,9808,PIB - valores correntes,5778953.0,Milhoes de Reais,IBGE SIDRA,CNA 6784,annual,brazil_annual_context,Annual official Brazil macro context from CNA 6784.,annual_official,,,,
2015,2015,9808,PIB - valores correntes,5995787.0,Milhoes de Reais,IBGE SIDRA,CNA 6784,annual,brazil_annual_context,Annual official Brazil macro context from CNA 6784.,annual_official,,,,
2016,2016,9808,PIB - valores correntes,6269328.0,Milhoes de Reais,IBGE SIDRA,CNA 6784,annual,brazil_annual_context,Annual official Brazil macro context from CNA 6784.,annual_official,,,,
2017,2017,9808,PIB - valores correntes,6592743.0,Milhoes de Reais,IBGE SIDRA,CNA 6784,annual,brazil_annual_context,Annual official Brazil macro context from CNA 6784.,annual_official,,,,
2018,2018,9808,PIB - valores correntes,6996861.0,Milhoes de Reais,IBGE SIDRA,CNA 6784,annual,brazil_annual_context,Annual official Brazil macro context from CNA 6784.,annual_official,,,,
2019,2019,9808,PIB - valores correntes,7394332.0,Milhoes de Reais,IBGE SIDRA,CNA 6784,annual,brazil_annual_context,Annual official Brazil macro context from CNA 6784.,annual_official,,,,
2020,2020,9808,PIB - valores correntes,7609597.0,Milhoes de Reais,IBGE SIDRA,CNA 6784,annual,brazil_annual_context,Annual official Brazil macro context from CNA 6784.,annual_official,,,,
2021,2021,9808,PIB - valores correntes,9012142.0,Milhoes de Reais,IBGE SIDRA,CNA 6784,annual,brazil_annual_context,Annual official Brazil macro context from CNA 6784.,annual_official,,,,
2022,2022,9808,PIB - valores correntes,10079677.0,Milhoes de Reais,IBGE SIDRA,CNA 6784,annual,brazil_annual_context,Annual official Brazil macro context from CNA 6784.,annual_official,,,,
2023,2023,9808,PIB - valores correntes,10943345.0,Milhoes de Reais,IBGE SIDRA,CNA 6784,annual,brazil_annual_context,Annual official Brazil macro context from CNA 6784.,annual_official,,,,
1996,1996,9810,PIB - variacao em volume,2.2,%,IBGE SIDRA,CNA 6784,annual,brazil_annual_context,Annual official Brazil macro context from CNA 6784.,annual_official,,,,
1997,1997,9810,PIB - variacao em volume,3.4,%,IBGE SIDRA,CNA 6784,annual,brazil_annual_context,Annual official Brazil macro context from CNA 6784.,annual_official,,,,
1998,1998,9810,PIB - variacao em volume,0.3,%,IBGE SIDRA,CNA 6784,annual,brazil_annual_context,Annual official Brazil macro context from CNA 6784.,annual_official,,,,
1999,1999,9810,PIB - variacao em volume,0.5,%,IBGE SIDRA,CNA 6784,annual,brazil_annual_context,Annual official Brazil macro context from CNA 6784.,annual_official,,,,
2000,2000,9810,PIB - variacao em volume,4.4,%,IBGE SIDRA,CNA 6784,annual,brazil_annual_context,Annual official Brazil macro context from CNA 6784.,annual_official,,,,
2001,2001,9810,PIB - variacao em volume,1.4,%,IBGE SIDRA,CNA 6784,annual,brazil_annual_context,Annual official Brazil macro context from CNA 6784.,annual_official,,,,
2002,2002,9810,PIB - variacao em volume,3.1,%,IBGE SIDRA,CNA 6784,annual,brazil_annual_context,Annual official Brazil macro context from CNA 6784.,annual_official,,,,
2003,2003,9810,PIB - variacao em volume,1.1,%,IBGE SIDRA,CNA 6784,annual,brazil_annual_context,Annual official Brazil macro context from CNA 6784.,annual_official,,,,
2004,2004,9810,PIB - variacao em volume,5.8,%,IBGE SIDRA,CNA 6784,annual,brazil_annual_context,Annual official Brazil macro context from CNA 6784.,annual_official,,,,
2005,2005,9810,PIB - variacao em volume,3.2,%,IBGE SIDRA,CNA 6784,annual,brazil_annual_context,Annual official Brazil macro context from CNA 6784.,annual_official,,,,
2006,2006,9810,PIB - variacao em volume,4.0,%,IBGE SIDRA,CNA 6784,annual,brazil_annual_context,Annual official Brazil macro context from CNA 6784.,annual_official,,,,
2007,2007,9810,PIB - variacao em volume,6.1,%,IBGE SIDRA,CNA 6784,annual,brazil_annual_context,Annual official Brazil macro context from CNA 6784.,annual_official,,,,
2008,2008,9810,PIB - variacao em volume,5.1,%,IBGE SIDRA,CNA 6784,annual,brazil_annual_context,Annual official Brazil macro context from CNA 6784.,annual_official,,,,
2009,2009,9810,PIB - variacao em volume,-0.1,%,IBGE SIDRA,CNA 6784,annual,brazil_annual_context,Annual official Brazil macro context from CNA 6784.,annual_official,,,,
2010,2010,9810,PIB - variacao em volume,7.5,%,IBGE SIDRA,CNA 6784,annual,brazil_annual_context,Annual official Brazil macro context from CNA 6784.,annual_official,,,,
2011,2011,9810,PIB - variacao em volume,4.0,%,IBGE SIDRA,CNA 6784,annual,brazil_annual_context,Annual official Brazil macro context from CNA 6784.,annual_official,,,,
2012,2012,9810,PIB - variacao em volume,1.9,%,IBGE SIDRA,CNA 6784,annual,brazil_annual_context,Annual official Brazil macro context from CNA 6784.,annual_official,,,,
2013,2013,9810,PIB - variacao em volume,3.0,%,IBGE SIDRA,CNA 6784,annual,brazil_annual_context,Annual official Brazil macro context from CNA 6784.,annual_official,,,,
2014,2014,9810,PIB - variacao em volume,0.5,%,IBGE SIDRA,CNA 6784,annual,brazil_annual_context,Annual official Brazil macro context from CNA 6784.,annual_official,,,,
2015,2015,9810,PIB - variacao em volume,-3.5,%,IBGE SIDRA,CNA 6784,annual,brazil_annual_context,Annual official Brazil macro context from CNA 6784.,annual_official,,,,
2016,2016,9810,PIB - variacao em volume,-3.3,%,IBGE SIDRA,CNA 6784,annual,brazil_annual_context,Annual official Brazil macro context from CNA 6784.,annual_official,,,,
2017,2017,9810,PIB - variacao em volume,1.3,%,IBGE SIDRA,CNA 6784,annual,brazil_annual_context,Annual official Brazil macro context from CNA 6784.,annual_official,,,,
2018,2018,9810,PIB - variacao em volume,1.7,%,IBGE SIDRA,CNA 6784,annual,brazil_annual_context,Annual official Brazil macro context from CNA 6784.,annual_official,,,,
2019,2019,9810,PIB - variacao em volume,1.3,%,IBGE SIDRA,CNA 6784,annual,brazil_annual_context,Annual official Brazil macro context from CNA 6784.,annual_official,,,,
2020,2020,9810,PIB - variacao em volume,-3.3,%,IBGE SIDRA,CNA 6784,annual,brazil_annual_context,Annual official Brazil macro context from CNA 6784.,annual_official,,,,
2021,2021,9810,PIB - variacao em volume,4.8,%,IBGE SIDRA,CNA 6784,annual,brazil_annual_context,Annual official Brazil macro context from CNA 6784.,annual_official,,,,
2022,2022,9810,PIB - variacao em volume,3.0,%,IBGE SIDRA,CNA 6784,annual,brazil_annual_context,Annual official Brazil macro context from CNA 6784.,annual_official,,,,
2023,2023,9810,PIB - variacao em volume,3.2,%,IBGE SIDRA,CNA 6784,annual,brazil_annual_context,Annual official Brazil macro context from CNA 6784.,annual_official,,,,
1996,1996,9811,PIB - deflator - variacao anual,18.5,%,IBGE SIDRA,CNA 6784,annual,brazil_annual_context,Annual official Brazil macro context from CNA 6784.,annual_official,,,,
1997,1997,9811,PIB - deflator - variacao anual,7.7,%,IBGE SIDRA,CNA 6784,annual,brazil_annual_context,Annual official Brazil macro context from CNA 6784.,annual_official,,,,
1998,1998,9811,PIB - deflator - variacao anual,4.9,%,IBGE SIDRA,CNA 6784,annual,brazil_annual_context,Annual official Brazil macro context from CNA 6784.,annual_official,,,,
1999,1999,9811,PIB - deflator - variacao anual,8.0,%,IBGE SIDRA,CNA 6784,annual,brazil_annual_context,Annual official Brazil macro context from CNA 6784.,annual_official,,,,
2000,2000,9811,PIB - deflator - variacao anual,5.6,%,IBGE SIDRA,CNA 6784,annual,brazil_annual_context,Annual official Brazil macro context from CNA 6784.,annual_official,,,,
2001,2001,9811,PIB - deflator - variacao anual,8.2,%,IBGE SIDRA,CNA 6784,annual,brazil_annual_context,Annual official Brazil macro context from CNA 6784.,annual_official,,,,
2002,2002,9811,PIB - deflator - variacao anual,9.8,%,IBGE SIDRA,CNA 6784,annual,brazil_annual_context,Annual official Brazil macro context from CNA 6784.,annual_official,,,,
2003,2003,9811,PIB - deflator - variacao anual,14.1,%,IBGE SIDRA,CNA 6784,annual,brazil_annual_context,Annual official Brazil macro context from CNA 6784.,annual_official,,,,
2004,2004,9811,PIB - deflator - variacao anual,7.8,%,IBGE SIDRA,CNA 6784,annual,brazil_annual_context,Annual official Brazil macro context from CNA 6784.,annual_official,,,,
2005,2005,9811,PIB - deflator - variacao anual,7.4,%,IBGE SIDRA,CNA 6784,annual,brazil_annual_context,Annual official Brazil macro context from CNA 6784.,annual_official,,,,
2006,2006,9811,PIB - deflator - variacao anual,6.8,%,IBGE SIDRA,CNA 6784,annual,brazil_annual_context,Annual official Brazil macro context from CNA 6784.,annual_official,,,,
2007,2007,9811,PIB - deflator - variacao anual,6.4,%,IBGE SIDRA,CNA 6784,annual,brazil_annual_context,Annual official Brazil macro context from CNA 6784.,annual_official,,,,
2008,2008,9811,PIB - deflator - variacao anual,8.8,%,IBGE SIDRA,CNA 6784,annual,brazil_annual_context,Annual official Brazil macro context from CNA 6784.,annual_official,,,,
2009,2009,9811,PIB - deflator - variacao anual,7.3,%,IBGE SIDRA,CNA 6784,annual,brazil_annual_context,Annual official Brazil macro context from CNA 6784.,annual_official,,,,
2010,2010,9811,PIB - deflator - variacao anual,8.4,%,IBGE SIDRA,CNA 6784,annual,brazil_annual_context,Annual official Brazil macro context from CNA 6784.,annual_official,,,,
2011,2011,9811,PIB - deflator - variacao anual,8.3,%,IBGE SIDRA,CNA 6784,annual,brazil_annual_context,Annual official Brazil macro context from CNA 6784.,annual_official,,,,
2012,2012,9811,PIB - deflator - variacao anual,7.9,%,IBGE SIDRA,CNA 6784,annual,brazil_annual_context,Annual official Brazil macro context from CNA 6784.,annual_official,,,,
2013,2013,9811,PIB - deflator - variacao anual,7.5,%,IBGE SIDRA,CNA 6784,annual,brazil_annual_context,Annual official Brazil macro context from CNA 6784.,annual_official,,,,
2014,2014,9811,PIB - deflator - variacao anual,7.8,%,IBGE SIDRA,CNA 6784,annual,brazil_annual_context,Annual official Brazil macro context from CNA 6784.,annual_official,,,,
2015,2015,9811,PIB - deflator - variacao anual,7.6,%,IBGE SIDRA,CNA 6784,annual,brazil_annual_context,Annual official Brazil macro context from CNA 6784.,annual_official,,,,
2016,2016,9811,PIB - deflator - variacao anual,8.1,%,IBGE SIDRA,CNA 6784,annual,brazil_annual_context,Annual official Brazil macro context from CNA 6784.,annual_official,,,,
2017,2017,9811,PIB - deflator - variacao anual,3.8,%,IBGE SIDRA,CNA 6784,annual,brazil_annual_context,Annual official Brazil macro context from CNA 6784.,annual_official,,,,
2018,2018,9811,PIB - deflator - variacao anual,4.4,%,IBGE SIDRA,CNA 6784,annual,brazil_annual_context,Annual official Brazil macro context from CNA 6784.,annual_official,,,,
2019,2019,9811,PIB - deflator - variacao anual,4.3,%,IBGE SIDRA,CNA 6784,annual,brazil_annual_context,Annual official Brazil macro context from CNA 6784.,annual_official,,,,
2020,2020,9811,PIB - deflator - variacao anual,6.5,%,IBGE SIDRA,CNA 6784,annual,brazil_annual_context,Annual official Brazil macro context from CNA 6784.,annual_official,,,,
2021,2021,9811,PIB - deflator - variacao anual,13.0,%,IBGE SIDRA,CNA 6784,annual,brazil_annual_context,Annual official Brazil macro context from CNA 6784.,annual_official,,,,
2022,2022,9811,PIB - deflator - variacao anual,8.6,%,IBGE SIDRA,CNA 6784,annual,brazil_annual_context,Annual official Brazil macro context from CNA 6784.,annual_official,,,,
2023,2023,9811,PIB - deflator - variacao anual,5.2,%,IBGE SIDRA,CNA 6784,annual,brazil_annual_context,Annual official Brazil macro context from CNA 6784.,annual_official,,,,
1996,1996,9812,PIB per capita - valores correntes,5219.36,Reais,IBGE SIDRA,CNA 6784,annual,brazil_annual_context,Annual official Brazil macro context from CNA 6784.,annual_official,,,,
1997,1997,9812,PIB per capita - valores correntes,5729.02,Reais,IBGE SIDRA,CNA 6784,annual,brazil_annual_context,Annual official Brazil macro context from CNA 6784.,annual_official,,,,
1998,1998,9812,PIB per capita - valores correntes,5944.93,Reais,IBGE SIDRA,CNA 6784,annual,brazil_annual_context,Annual official Brazil macro context from CNA 6784.,annual_official,,,,
1999,1999,9812,PIB per capita - valores correntes,6359.8,Reais,IBGE SIDRA,CNA 6784,annual,brazil_annual_context,Annual official Brazil macro context from CNA 6784.,annual_official,,,,
2000,2000,9812,PIB per capita - valores correntes,6863.88,Reais,IBGE SIDRA,CNA 6784,annual,brazil_annual_context,Annual official Brazil macro context from CNA 6784.,annual_official,,,,
2001,2001,9812,PIB per capita - valores correntes,7433.48,Reais,IBGE SIDRA,CNA 6784,annual,brazil_annual_context,Annual official Brazil macro context from CNA 6784.,annual_official,,,,
2002,2002,9812,PIB per capita - valores correntes,8306.67,Reais,IBGE SIDRA,CNA 6784,annual,brazil_annual_context,Annual official Brazil macro context from CNA 6784.,annual_official,,,,
2003,2003,9812,PIB per capita - valores correntes,9471.66,Reais,IBGE SIDRA,CNA 6784,annual,brazil_annual_context,Annual official Brazil macro context from CNA 6784.,annual_official,,,,
2004,2004,9812,PIB per capita - valores correntes,10670.69,Reais,IBGE SIDRA,CNA 6784,annual,brazil_annual_context,Annual official Brazil macro context from CNA 6784.,annual_official,,,,
2005,2005,9812,PIB per capita - valores correntes,11700.13,Reais,IBGE SIDRA,CNA 6784,annual,brazil_annual_context,Annual official Brazil macro context from CNA 6784.,annual_official,,,,
2006,2006,9812,PIB per capita - valores correntes,12848.0,Reais,IBGE SIDRA,CNA 6784,annual,brazil_annual_context,Annual official Brazil macro context from CNA 6784.,annual_official,,,,
2007,2007,9812,PIB per capita - valores correntes,14358.06,Reais,IBGE SIDRA,CNA 6784,annual,brazil_annual_context,Annual official Brazil macro context from CNA 6784.,annual_official,,,,
2008,2008,9812,PIB per capita - valores correntes,16253.18,Reais,IBGE SIDRA,CNA 6784,annual,brazil_annual_context,Annual official Brazil macro context from CNA 6784.,annual_official,,,,
2009,2009,9812,PIB per capita - valores correntes,17254.08,Reais,IBGE SIDRA,CNA 6784,annual,brazil_annual_context,Annual official Brazil macro context from CNA 6784.,annual_official,,,,
2010,2010,9812,PIB per capita - valores correntes,19953.1,Reais,IBGE SIDRA,CNA 6784,annual,brazil_annual_context,Annual official Brazil macro context from CNA 6784.,annual_official,,,,
2011,2011,9812,PIB per capita - valores correntes,22310.38,Reais,IBGE SIDRA,CNA 6784,annual,brazil_annual_context,Annual official Brazil macro context from CNA 6784.,annual_official,,,,
2012,2012,9812,PIB per capita - valores correntes,24357.44,Reais,IBGE SIDRA,CNA 6784,annual,brazil_annual_context,Annual official Brazil macro context from CNA 6784.,annual_official,,,,
2013,2013,9812,PIB per capita - valores correntes,26761.53,Reais,IBGE SIDRA,CNA 6784,annual,brazil_annual_context,Annual official Brazil macro context from CNA 6784.,annual_official,,,,
2014,2014,9812,PIB per capita - valores correntes,28778.07,Reais,IBGE SIDRA,CNA 6784,annual,brazil_annual_context,Annual official Brazil macro context from CNA 6784.,annual_official,,,,
2015,2015,9812,PIB per capita - valores correntes,29622.87,Reais,IBGE SIDRA,CNA 6784,annual,brazil_annual_context,Annual official Brazil macro context from CNA 6784.,annual_official,,,,
2016,2016,9812,PIB per capita - valores correntes,30751.29,Reais,IBGE SIDRA,CNA 6784,annual,brazil_annual_context,Annual official Brazil macro context from CNA 6784.,annual_official,,,,
2017,2017,9812,PIB per capita - valores correntes,32126.5,Reais,IBGE SIDRA,CNA 6784,annual,brazil_annual_context,Annual official Brazil macro context from CNA 6784.,annual_official,,,,
2018,2018,9812,PIB per capita - valores correntes,33878.35,Reais,IBGE SIDRA,CNA 6784,annual,brazil_annual_context,Annual official Brazil macro context from CNA 6784.,annual_official,,,,
2019,2019,9812,PIB per capita - valores correntes,35566.77,Reais,IBGE SIDRA,CNA 6784,annual,brazil_annual_context,Annual official Brazil macro context from CNA 6784.,annual_official,,,,
2020,2020,9812,PIB per capita - valores correntes,36380.83,Reais,IBGE SIDRA,CNA 6784,annual,brazil_annual_context,Annual official Brazil macro context from CNA 6784.,annual_official,,,,
2021,2021,9812,PIB per capita - valores correntes,42893.72,Reais,IBGE SIDRA,CNA 6784,annual,brazil_annual_context,Annual official Brazil macro context from CNA 6784.,annual_official,,,,
2022,2022,9812,PIB per capita - valores correntes,47802.02,Reais,IBGE SIDRA,CNA 6784,annual,brazil_annual_context,Annual official Brazil macro context from CNA 6784.,annual_official,,,,
2023,2023,9812,PIB per capita - valores correntes,51693.92,Reais,IBGE SIDRA,CNA 6784,annual,brazil_annual_context,Annual official Brazil macro context from CNA 6784.,annual_official,,,,
1996,1996,90707,PIB a precos de mercado,102.20750000000001,Numero-indice,IBGE SIDRA,CNT 1620,annual,solow_real_quantities,Quarterly CNT volume indices annualized by mean for real-series proxies.,quarterly_to_annual_mean,583,Serie encadeada do indice de volume trimestral (Base: media 1995 = 100),,
1997,1997,90707,PIB a precos de mercado,105.6775,Numero-indice,IBGE SIDRA,CNT 1620,annual,solow_real_quantities,Quarterly CNT volume indices annualized by mean for real-series proxies.,quarterly_to_annual_mean,583,Serie encadeada do indice de volume trimestral (Base: media 1995 = 100),,
1998,1998,90707,PIB a precos de mercado,106.035,Numero-indice,IBGE SIDRA,CNT 1620,annual,solow_real_quantities,Quarterly CNT volume indices annualized by mean for real-series proxies.,quarterly_to_annual_mean,583,Serie encadeada do indice de volume trimestral (Base: media 1995 = 100),,
1999,1999,90707,PIB a precos de mercado,106.5325,Numero-indice,IBGE SIDRA,CNT 1620,annual,solow_real_quantities,Quarterly CNT volume indices annualized by mean for real-series proxies.,quarterly_to_annual_mean,583,Serie encadeada do indice de volume trimestral (Base: media 1995 = 100),,
2000,2000,90707,PIB a precos de mercado,111.205,Numero-indice,IBGE SIDRA,CNT 1620,annual,solow_real_quantities,Quarterly CNT volume indices annualized by mean for real-series proxies.,quarterly_to_annual_mean,583,Serie encadeada do indice de volume trimestral (Base: media 1995 = 100),,
2001,2001,90707,PIB a precos de mercado,112.7525,Numero-indice,IBGE SIDRA,CNT 1620,annual,solow_real_quantities,Quarterly CNT volume indices annualized by mean for real-series proxies.,quarterly_to_annual_mean,583,Serie encadeada do indice de volume trimestral (Base: media 1995 = 100),,
2002,2002,90707,PIB a precos de mercado,116.195,Numero-indice,IBGE SIDRA,CNT 1620,annual,solow_real_quantities,Quarterly CNT volume indices annualized by mean for real-series proxies.,quarterly_to_annual_mean,583,Serie encadeada do indice de volume trimestral (Base: media 1995 = 100),,
2003,2003,90707,PIB a precos de mercado,117.52,Numero-indice,IBGE SIDRA,CNT 1620,annual,solow_real_quantities,Quarterly CNT volume indices annualized by mean for real-series proxies.,quarterly_to_annual_mean,583,Serie encadeada do indice de volume trimestral (Base: media 1995 = 100),,
2004,2004,90707,PIB a precos de mercado,124.28999999999999,Numero-indice,IBGE SIDRA,CNT 1620,annual,solow_real_quantities,Quarterly CNT volume indices annualized by mean for real-series proxies.,quarterly_to_annual_mean,583,Serie encadeada do indice de volume trimestral (Base: media 1995 = 100),,
2005,2005,90707,PIB a precos de mercado,128.27,Numero-indice,IBGE SIDRA,CNT 1620,annual,solow_real_quantities,Quarterly CNT volume indices annualized by mean for real-series proxies.,quarterly_to_annual_mean,583,Serie encadeada do indice de volume trimestral (Base: media 1995 = 100),,
2006,2006,90707,PIB a precos de mercado,133.35,Numero-indice,IBGE SIDRA,CNT 1620,annual,solow_real_quantities,Quarterly CNT volume indices annualized by mean for real-series proxies.,quarterly_to_annual_mean,583,Serie encadeada do indice de volume trimestral (Base: media 1995 = 100),,
2007,2007,90707,PIB a precos de mercado,141.4475,Numero-indice,IBGE SIDRA,CNT 1620,annual,solow_real_quantities,Quarterly CNT volume indices annualized by mean for real-series proxies.,quarterly_to_annual_mean,583,Serie encadeada do indice de volume trimestral (Base: media 1995 = 100),,
2008,2008,90707,PIB a precos de mercado,148.6525,Numero-indice,IBGE SIDRA,CNT 1620,annual,solow_real_quantities,Quarterly CNT volume indices annualized by mean for real-series proxies.,quarterly_to_annual_mean,583,Serie encadeada do indice de volume trimestral (Base: media 1995 = 100),,
2009,2009,90707,PIB a precos de mercado,148.4675,Numero-indice,IBGE SIDRA,CNT 1620,annual,solow_real_quantities,Quarterly CNT volume indices annualized by mean for real-series proxies.,quarterly_to_annual_mean,583,Serie encadeada do indice de volume trimestral (Base: media 1995 = 100),,
2010,2010,90707,PIB a precos de mercado,159.6425,Numero-indice,IBGE SIDRA,CNT 1620,annual,solow_real_quantities,Quarterly CNT volume indices annualized by mean for real-series proxies.,quarterly_to_annual_mean,583,Serie encadeada do indice de volume trimestral (Base: media 1995 = 100),,
2011,2011,90707,PIB a precos de mercado,165.985,Numero-indice,IBGE SIDRA,CNT 1620,annual,solow_real_quantities,Quarterly CNT volume indices annualized by mean for real-series proxies.,quarterly_to_annual_mean,583,Serie encadeada do indice de volume trimestral (Base: media 1995 = 100),,
2012,2012,90707,PIB a precos de mercado,169.175,Numero-indice,IBGE SIDRA,CNT 1620,annual,solow_real_quantities,Quarterly CNT volume indices annualized by mean for real-series proxies.,quarterly_to_annual_mean,583,Serie encadeada do indice de volume trimestral (Base: media 1995 = 100),,
2013,2013,90707,PIB a precos de mercado,174.26,Numero-indice,IBGE SIDRA,CNT 1620,annual,solow_real_quantities,Quarterly CNT volume indices annualized by mean for real-series proxies.,quarterly_to_annual_mean,583,Serie encadeada do indice de volume trimestral (Base: media 1995 = 100),,
2014,2014,90707,PIB a precos de mercado,175.14,Numero-indice,IBGE SIDRA,CNT 1620,annual,solow_real_quantities,Quarterly CNT volume indices annualized by mean for real-series proxies.,quarterly_to_annual_mean,583,Serie encadeada do indice de volume trimestral (Base: media 1995 = 100),,
2015,2015,90707,PIB a precos de mercado,168.9275,Numero-indice,IBGE SIDRA,CNT 1620,annual,solow_real_quantities,Quarterly CNT volume indices annualized by mean for real-series proxies.,quarterly_to_annual_mean,583,Serie encadeada do indice de volume trimestral (Base: media 1995 = 100),,
2016,2016,90707,PIB a precos de mercado,163.39,Numero-indice,IBGE SIDRA,CNT 1620,annual,solow_real_quantities,Quarterly CNT volume indices annualized by mean for real-series proxies.,quarterly_to_annual_mean,583,Serie encadeada do indice de volume trimestral (Base: media 1995 = 100),,
2017,2017,90707,PIB a precos de mercado,165.555,Numero-indice,IBGE SIDRA,CNT 1620,annual,solow_real_quantities,Quarterly CNT volume indices annualized by mean for real-series proxies.,quarterly_to_annual_mean,583,Serie encadeada do indice de volume trimestral (Base: media 1995 = 100),,
2018,2018,90707,PIB a precos de mercado,168.5075,Numero-indice,IBGE SIDRA,CNT 1620,annual,solow_real_quantities,Quarterly CNT volume indices annualized by mean for real-series proxies.,quarterly_to_annual_mean,583,Serie encadeada do indice de volume trimestral (Base: media 1995 = 100),,
2019,2019,90707,PIB a precos de mercado,170.565,Numero-indice,IBGE SIDRA,CNT 1620,annual,solow_real_quantities,Quarterly CNT volume indices annualized by mean for real-series proxies.,quarterly_to_annual_mean,583,Serie encadeada do indice de volume trimestral (Base: media 1995 = 100),,
2020,2020,90707,PIB a precos de mercado,164.9775,Numero-indice,IBGE SIDRA,CNT 1620,annual,solow_real_quantities,Quarterly CNT volume indices annualized by mean for real-series proxies.,quarterly_to_annual_mean,583,Serie encadeada do indice de volume trimestral (Base: media 1995 = 100),,
2021,2021,90707,PIB a precos de mercado,172.8325,Numero-indice,IBGE SIDRA,CNT 1620,annual,solow_real_quantities,Quarterly CNT volume indices annualized by mean for real-series proxies.,quarterly_to_annual_mean,583,Serie encadeada do indice de volume trimestral (Base: media 1995 = 100),,
2022,2022,90707,PIB a precos de mercado,178.0475,Numero-indice,IBGE SIDRA,CNT 1620,annual,solow_real_quantities,Quarterly CNT volume indices annualized by mean for real-series proxies.,quarterly_to_annual_mean,583,Serie encadeada do indice de volume trimestral (Base: media 1995 = 100),,
2023,2023,90707,PIB a precos de mercado,183.8175,Numero-indice,IBGE SIDRA,CNT 1620,annual,solow_real_quantities,Quarterly CNT volume indices annualized by mean for real-series proxies.,quarterly_to_annual_mean,583,Serie encadeada do indice de volume trimestral (Base: media 1995 = 100),,
1996,1996,93404,Despesa de consumo das familias,103.235,Numero-indice,IBGE SIDRA,CNT 1620,annual,solow_real_quantities,Quarterly CNT volume indices annualized by mean for real-series proxies.,quarterly_to_annual_mean,583,Serie encadeada do indice de volume trimestral (Base: media 1995 = 100),,
1997,1997,93404,Despesa de consumo das familias,106.37,Numero-indice,IBGE SIDRA,CNT 1620,annual,solow_real_quantities,Quarterly CNT volume indices annualized by mean for real-series proxies.,quarterly_to_annual_mean,583,Serie encadeada do indice de volume trimestral (Base: media 1995 = 100),,
1998,1998,93404,Despesa de consumo das familias,105.6025,Numero-indice,IBGE SIDRA,CNT 1620,annual,solow_real_quantities,Quarterly CNT volume indices annualized by mean for real-series proxies.,quarterly_to_annual_mean,583,Serie encadeada do indice de volume trimestral (Base: media 1995 = 100),,
1999,1999,93404,Despesa de consumo das familias,106.0,Numero-indice,IBGE SIDRA,CNT 1620,annual,solow_real_quantities,Quarterly CNT volume indices annualized by mean for real-series proxies.,quarterly_to_annual_mean,583,Serie encadeada do indice de volume trimestral (Base: media 1995 = 100),,
2000,2000,93404,Despesa de consumo das familias,110.2775,Numero-indice,IBGE SIDRA,CNT 1620,annual,solow_real_quantities,Quarterly CNT volume indices annualized by mean for real-series proxies.,quarterly_to_annual_mean,583,Serie encadeada do indice de volume trimestral (Base: media 1995 = 100),,
2001,2001,93404,Despesa de consumo das familias,111.1275,Numero-indice,IBGE SIDRA,CNT 1620,annual,solow_real_quantities,Quarterly CNT volume indices annualized by mean for real-series proxies.,quarterly_to_annual_mean,583,Serie encadeada do indice de volume trimestral (Base: media 1995 = 100),,
2002,2002,93404,Despesa de consumo das familias,112.5925,Numero-indice,IBGE SIDRA,CNT 1620,annual,solow_real_quantities,Quarterly CNT volume indices annualized by mean for real-series proxies.,quarterly_to_annual_mean,583,Serie encadeada do indice de volume trimestral (Base: media 1995 = 100),,
2003,2003,93404,Despesa de consumo das familias,111.97749999999999,Numero-indice,IBGE SIDRA,CNT 1620,annual,solow_real_quantities,Quarterly CNT volume indices annualized by mean for real-series proxies.,quarterly_to_annual_mean,583,Serie encadeada do indice de volume trimestral (Base: media 1995 = 100),,
2004,2004,93404,Despesa de consumo das familias,116.37,Numero-indice,IBGE SIDRA,CNT 1620,annual,solow_real_quantities,Quarterly CNT volume indices annualized by mean for real-series proxies.,quarterly_to_annual_mean,583,Serie encadeada do indice de volume trimestral (Base: media 1995 = 100),,
2005,2005,93404,Despesa de consumo das familias,121.5175,Numero-indice,IBGE SIDRA,CNT 1620,annual,solow_real_quantities,Quarterly CNT volume indices annualized by mean for real-series proxies.,quarterly_to_annual_mean,583,Serie encadeada do indice de volume trimestral (Base: media 1995 = 100),,
2006,2006,93404,Despesa de consumo das familias,127.94,Numero-indice,IBGE SIDRA,CNT 1620,annual,solow_real_quantities,Quarterly CNT volume indices annualized by mean for real-series proxies.,quarterly_to_annual_mean,583,Serie encadeada do indice de volume trimestral (Base: media 1995 = 100),,
2007,2007,93404,Despesa de consumo das familias,136.095,Numero-indice,IBGE SIDRA,CNT 1620,annual,solow_real_quantities,Quarterly CNT volume indices annualized by mean for real-series proxies.,quarterly_to_annual_mean,583,Serie encadeada do indice de volume trimestral (Base: media 1995 = 100),,
2008,2008,93404,Despesa de consumo das familias,144.895,Numero-indice,IBGE SIDRA,CNT 1620,annual,solow_real_quantities,Quarterly CNT volume indices annualized by mean for real-series proxies.,quarterly_to_annual_mean,583,Serie encadeada do indice de volume trimestral (Base: media 1995 = 100),,
2009,2009,93404,Despesa de consumo das familias,151.35000000000002,Numero-indice,IBGE SIDRA,CNT 1620,annual,solow_real_quantities,Quarterly CNT volume indices annualized by mean for real-series proxies.,quarterly_to_annual_mean,583,Serie encadeada do indice de volume trimestral (Base: media 1995 = 100),,
2010,2010,93404,Despesa de consumo das familias,160.78,Numero-indice,IBGE SIDRA,CNT 1620,annual,solow_real_quantities,Quarterly CNT volume indices annualized by mean for real-series proxies.,quarterly_to_annual_mean,583,Serie encadeada do indice de volume trimestral (Base: media 1995 = 100),,
2011,2011,93404,Despesa de consumo das familias,168.525,Numero-indice,IBGE SIDRA,CNT 1620,annual,solow_real_quantities,Quarterly CNT volume indices annualized by mean for real-series proxies.,quarterly_to_annual_mean,583,Serie encadeada do indice de volume trimestral (Base: media 1995 = 100),,
2012,2012,93404,Despesa de consumo das familias,174.4225,Numero-indice,IBGE SIDRA,CNT 1620,annual,solow_real_quantities,Quarterly CNT volume indices annualized by mean for real-series proxies.,quarterly_to_annual_mean,583,Serie encadeada do indice de volume trimestral (Base: media 1995 = 100),,
2013,2013,93404,Despesa de consumo das familias,180.4775,Numero-indice,IBGE SIDRA,CNT 1620,annual,solow_real_quantities,Quarterly CNT volume indices annualized by mean for real-series proxies.,quarterly_to_annual_mean,583,Serie encadeada do indice de volume trimestral (Base: media 1995 = 100),,
2014,2014,93404,Despesa de consumo das familias,184.54000000000002,Numero-indice,IBGE SIDRA,CNT 1620,annual,solow_real_quantities,Quarterly CNT volume indices annualized by mean for real-series proxies.,quarterly_to_annual_mean,583,Serie encadeada do indice de volume trimestral (Base: media 1995 = 100),,
2015,2015,93404,Despesa de consumo das familias,178.60250000000002,Numero-indice,IBGE SIDRA,CNT 1620,annual,solow_real_quantities,Quarterly CNT volume indices annualized by mean for real-series proxies.,quarterly_to_annual_mean,583,Serie encadeada do indice de volume trimestral (Base: media 1995 = 100),,
2016,2016,93404,Despesa de consumo das familias,171.7475,Numero-indice,IBGE SIDRA,CNT 1620,annual,solow_real_quantities,Quarterly CNT volume indices annualized by mean for real-series proxies.,quarterly_to_annual_mean,583,Serie encadeada do indice de volume trimestral (Base: media 1995 = 100),,
2017,2017,93404,Despesa de consumo das familias,175.1475,Numero-indice,IBGE SIDRA,CNT 1620,annual,solow_real_quantities,Quarterly CNT volume indices annualized by mean for real-series proxies.,quarterly_to_annual_mean,583,Serie encadeada do indice de volume trimestral (Base: media 1995 = 100),,
2018,2018,93404,Despesa de consumo das familias,179.29,Numero-indice,IBGE SIDRA,CNT 1620,annual,solow_real_quantities,Quarterly CNT volume indices annualized by mean for real-series proxies.,quarterly_to_annual_mean,583,Serie encadeada do indice de volume trimestral (Base: media 1995 = 100),,
2019,2019,93404,Despesa de consumo das familias,183.945,Numero-indice,IBGE SIDRA,CNT 1620,annual,solow_real_quantities,Quarterly CNT volume indices annualized by mean for real-series proxies.,quarterly_to_annual_mean,583,Serie encadeada do indice de volume trimestral (Base: media 1995 = 100),,
2020,2020,93404,Despesa de consumo das familias,175.54999999999998,Numero-indice,IBGE SIDRA,CNT 1620,annual,solow_real_quantities,Quarterly CNT volume indices annualized by mean for real-series proxies.,quarterly_to_annual_mean,583,Serie encadeada do indice de volume trimestral (Base: media 1995 = 100),,
2021,2021,93404,Despesa de consumo das familias,180.73749999999998,Numero-indice,IBGE SIDRA,CNT 1620,annual,solow_real_quantities,Quarterly CNT volume indices annualized by mean for real-series proxies.,quarterly_to_annual_mean,583,Serie encadeada do indice de volume trimestral (Base: media 1995 = 100),,
2022,2022,93404,Despesa de consumo das familias,188.23250000000002,Numero-indice,IBGE SIDRA,CNT 1620,annual,solow_real_quantities,Quarterly CNT volume indices annualized by mean for real-series proxies.,quarterly_to_annual_mean,583,Serie encadeada do indice de volume trimestral (Base: media 1995 = 100),,
2023,2023,93404,Despesa de consumo das familias,194.3325,Numero-indice,IBGE SIDRA,CNT 1620,annual,solow_real_quantities,Quarterly CNT volume indices annualized by mean for real-series proxies.,quarterly_to_annual_mean,583,Serie encadeada do indice de volume trimestral (Base: media 1995 = 100),,
1996,1996,93406,Formacao bruta de capital fixo,101.19500000000001,Numero-indice,IBGE SIDRA,CNT 1620,annual,solow_real_quantities,Quarterly CNT volume indices annualized by mean for real-series proxies.,quarterly_to_annual_mean,583,Serie encadeada do indice de volume trimestral (Base: media 1995 = 100),,
1997,1997,93406,Formacao bruta de capital fixo,109.715,Numero-indice,IBGE SIDRA,CNT 1620,annual,solow_real_quantities,Quarterly CNT volume indices annualized by mean for real-series proxies.,quarterly_to_annual_mean,583,Serie encadeada do indice de volume trimestral (Base: media 1995 = 100),,
1998,1998,93406,Formacao bruta de capital fixo,109.535,Numero-indice,IBGE SIDRA,CNT 1620,annual,solow_real_quantities,Quarterly CNT volume indices annualized by mean for real-series proxies.,quarterly_to_annual_mean,583,Serie encadeada do indice de volume trimestral (Base: media 1995 = 100),,
1999,1999,93406,Formacao bruta de capital fixo,99.8125,Numero-indice,IBGE SIDRA,CNT 1620,annual,solow_real_quantities,Quarterly CNT volume indices annualized by mean for real-series proxies.,quarterly_to_annual_mean,583,Serie encadeada do indice de volume trimestral (Base: media 1995 = 100),,
2000,2000,93406,Formacao bruta de capital fixo,104.6175,Numero-indice,IBGE SIDRA,CNT 1620,annual,solow_real_quantities,Quarterly CNT volume indices annualized by mean for real-series proxies.,quarterly_to_annual_mean,583,Serie encadeada do indice de volume trimestral (Base: media 1995 = 100),,
2001,2001,93406,Formacao bruta de capital fixo,105.98,Numero-indice,IBGE SIDRA,CNT 1620,annual,solow_real_quantities,Quarterly CNT volume indices annualized by mean for real-series proxies.,quarterly_to_annual_mean,583,Serie encadeada do indice de volume trimestral (Base: media 1995 = 100),,
2002,2002,93406,Formacao bruta de capital fixo,104.455,Numero-indice,IBGE SIDRA,CNT 1620,annual,solow_real_quantities,Quarterly CNT volume indices annualized by mean for real-series proxies.,quarterly_to_annual_mean,583,Serie encadeada do indice de volume trimestral (Base: media 1995 = 100),,
2003,2003,93406,Formacao bruta de capital fixo,100.29,Numero-indice,IBGE SIDRA,CNT 1620,annual,solow_real_quantities,Quarterly CNT volume indices annualized by mean for real-series proxies.,quarterly_to_annual_mean,583,Serie encadeada do indice de volume trimestral (Base: media 1995 = 100),,
2004,2004,93406,Formacao bruta de capital fixo,108.8,Numero-indice,IBGE SIDRA,CNT 1620,annual,solow_real_quantities,Quarterly CNT volume indices annualized by mean for real-series proxies.,quarterly_to_annual_mean,583,Serie encadeada do indice de volume trimestral (Base: media 1995 = 100),,
2005,2005,93406,Formacao bruta de capital fixo,110.92750000000001,Numero-indice,IBGE SIDRA,CNT 1620,annual,solow_real_quantities,Quarterly CNT volume indices annualized by mean for real-series proxies.,quarterly_to_annual_mean,583,Serie encadeada do indice de volume trimestral (Base: media 1995 = 100),,
2006,2006,93406,Formacao bruta de capital fixo,118.32,Numero-indice,IBGE SIDRA,CNT 1620,annual,solow_real_quantities,Quarterly CNT volume indices annualized by mean for real-series proxies.,quarterly_to_annual_mean,583,Serie encadeada do indice de volume trimestral (Base: media 1995 = 100),,
2007,2007,93406,Formacao bruta de capital fixo,132.46,Numero-indice,IBGE SIDRA,CNT 1620,annual,solow_real_quantities,Quarterly CNT volume indices annualized by mean for real-series proxies.,quarterly_to_annual_mean,583,Serie encadeada do indice de volume trimestral (Base: media 1995 = 100),,
2008,2008,93406,Formacao bruta de capital fixo,148.73499999999999,Numero-indice,IBGE SIDRA,CNT 1620,annual,solow_real_quantities,Quarterly CNT volume indices annualized by mean for real-series proxies.,quarterly_to_annual_mean,583,Serie encadeada do indice de volume trimestral (Base: media 1995 = 100),,
2009,2009,93406,Formacao bruta de capital fixo,145.5625,Numero-indice,IBGE SIDRA,CNT 1620,annual,solow_real_quantities,Quarterly CNT volume indices annualized by mean for real-series proxies.,quarterly_to_annual_mean,583,Serie encadeada do indice de volume trimestral (Base: media 1995 = 100),,
2010,2010,93406,Formacao bruta de capital fixo,171.5525,Numero-indice,IBGE SIDRA,CNT 1620,annual,solow_real_quantities,Quarterly CNT volume indices annualized by mean for real-series proxies.,quarterly_to_annual_mean,583,Serie encadeada do indice de volume trimestral (Base: media 1995 = 100),,
2011,2011,93406,Formacao bruta de capital fixo,183.275,Numero-indice,IBGE SIDRA,CNT 1620,annual,solow_real_quantities,Quarterly CNT volume indices annualized by mean for real-series proxies.,quarterly_to_annual_mean,583,Serie encadeada do indice de volume trimestral (Base: media 1995 = 100),,
2012,2012,93406,Formacao bruta de capital fixo,184.7,Numero-indice,IBGE SIDRA,CNT 1620,annual,solow_real_quantities,Quarterly CNT volume indices annualized by mean for real-series proxies.,quarterly_to_annual_mean,583,Serie encadeada do indice de volume trimestral (Base: media 1995 = 100),,
2013,2013,93406,Formacao bruta de capital fixo,195.465,Numero-indice,IBGE SIDRA,CNT 1620,annual,solow_real_quantities,Quarterly CNT volume indices annualized by mean for real-series proxies.,quarterly_to_annual_mean,583,Serie encadeada do indice de volume trimestral (Base: media 1995 = 100),,
2014,2014,93406,Formacao bruta de capital fixo,187.2075,Numero-indice,IBGE SIDRA,CNT 1620,annual,solow_real_quantities,Quarterly CNT volume indices annualized by mean for real-series proxies.,quarterly_to_annual_mean,583,Serie encadeada do indice de volume trimestral (Base: media 1995 = 100),,
2015,2015,93406,Formacao bruta de capital fixo,161.0975,Numero-indice,IBGE SIDRA,CNT 1620,annual,solow_real_quantities,Quarterly CNT volume indices annualized by mean for real-series proxies.,quarterly_to_annual_mean,583,Serie encadeada do indice de volume trimestral (Base: media 1995 = 100),,
2016,2016,93406,Formacao bruta de capital fixo,141.5575,Numero-indice,IBGE SIDRA,CNT 1620,annual,solow_real_quantities,Quarterly CNT volume indices annualized by mean for real-series proxies.,quarterly_to_annual_mean,583,Serie encadeada do indice de volume trimestral (Base: media 1995 = 100),,
2017,2017,93406,Formacao bruta de capital fixo,137.9375,Numero-indice,IBGE SIDRA,CNT 1620,annual,solow_real_quantities,Quarterly CNT volume indices annualized by mean for real-series proxies.,quarterly_to_annual_mean,583,Serie encadeada do indice de volume trimestral (Base: media 1995 = 100),,
2018,2018,93406,Formacao bruta de capital fixo,145.1525,Numero-indice,IBGE SIDRA,CNT 1620,annual,solow_real_quantities,Quarterly CNT volume indices annualized by mean for real-series proxies.,quarterly_to_annual_mean,583,Serie encadeada do indice de volume trimestral (Base: media 1995 = 100),,
2019,2019,93406,Formacao bruta de capital fixo,150.9975,Numero-indice,IBGE SIDRA,CNT 1620,annual,solow_real_quantities,Quarterly CNT volume indices annualized by mean for real-series proxies.,quarterly_to_annual_mean,583,Serie encadeada do indice de volume trimestral (Base: media 1995 = 100),,
2020,2020,93406,Formacao bruta de capital fixo,148.365,Numero-indice,IBGE SIDRA,CNT 1620,annual,solow_real_quantities,Quarterly CNT volume indices annualized by mean for real-series proxies.,quarterly_to_annual_mean,583,Serie encadeada do indice de volume trimestral (Base: media 1995 = 100),,
2021,2021,93406,Formacao bruta de capital fixo,167.51,Numero-indice,IBGE SIDRA,CNT 1620,annual,solow_real_quantities,Quarterly CNT volume indices annualized by mean for real-series proxies.,quarterly_to_annual_mean,583,Serie encadeada do indice de volume trimestral (Base: media 1995 = 100),,
2022,2022,93406,Formacao bruta de capital fixo,169.335,Numero-indice,IBGE SIDRA,CNT 1620,annual,solow_real_quantities,Quarterly CNT volume indices annualized by mean for real-series proxies.,quarterly_to_annual_mean,583,Serie encadeada do indice de volume trimestral (Base: media 1995 = 100),,
2023,2023,93406,Formacao bruta de capital fixo,164.29,Numero-indice,IBGE SIDRA,CNT 1620,annual,solow_real_quantities,Quarterly CNT volume indices annualized by mean for real-series proxies.,quarterly_to_annual_mean,583,Serie encadeada do indice de volume trimestral (Base: media 1995 = 100),,
1996,1996,90707,PIB a precos de mercado,854763.0,Milhoes de Reais,IBGE SIDRA,CNT 1846,annual,scn_cnt_validation,Quarterly CNT current-price flows annualized by sum.,quarterly_to_annual_sum,585,Valores a precos correntes,,
1997,1997,90707,PIB a precos de mercado,952089.0,Milhoes de Reais,IBGE SIDRA,CNT 1846,annual,scn_cnt_validation,Quarterly CNT current-price flows annualized by sum.,quarterly_to_annual_sum,585,Valores a precos correntes,,
1998,1998,90707,PIB a precos de mercado,1002351.0,Milhoes de Reais,IBGE SIDRA,CNT 1846,annual,scn_cnt_validation,Quarterly CNT current-price flows annualized by sum.,quarterly_to_annual_sum,585,Valores a precos correntes,,
1999,1999,90707,PIB a precos de mercado,1087711.0,Milhoes de Reais,IBGE SIDRA,CNT 1846,annual,scn_cnt_validation,Quarterly CNT current-price flows annualized by sum.,quarterly_to_annual_sum,585,Valores a precos correntes,,
2000,2000,90707,PIB a precos de mercado,1199093.0,Milhoes de Reais,IBGE SIDRA,CNT 1846,annual,scn_cnt_validation,Quarterly CNT current-price flows annualized by sum.,quarterly_to_annual_sum,585,Valores a precos correntes,,
2001,2001,90707,PIB a precos de mercado,1315756.0,Milhoes de Reais,IBGE SIDRA,CNT 1846,annual,scn_cnt_validation,Quarterly CNT current-price flows annualized by sum.,quarterly_to_annual_sum,585,Valores a precos correntes,,
2002,2002,90707,PIB a precos de mercado,1488788.0,Milhoes de Reais,IBGE SIDRA,CNT 1846,annual,scn_cnt_validation,Quarterly CNT current-price flows annualized by sum.,quarterly_to_annual_sum,585,Valores a precos correntes,,
2003,2003,90707,PIB a precos de mercado,1717951.0,Milhoes de Reais,IBGE SIDRA,CNT 1846,annual,scn_cnt_validation,Quarterly CNT current-price flows annualized by sum.,quarterly_to_annual_sum,585,Valores a precos correntes,,
2004,2004,90707,PIB a precos de mercado,1957750.0,Milhoes de Reais,IBGE SIDRA,CNT 1846,annual,scn_cnt_validation,Quarterly CNT current-price flows annualized by sum.,quarterly_to_annual_sum,585,Valores a precos correntes,,
2005,2005,90707,PIB a precos de mercado,2170584.0,Milhoes de Reais,IBGE SIDRA,CNT 1846,annual,scn_cnt_validation,Quarterly CNT current-price flows annualized by sum.,quarterly_to_annual_sum,585,Valores a precos correntes,,
2006,2006,90707,PIB a precos de mercado,2409450.0,Milhoes de Reais,IBGE SIDRA,CNT 1846,annual,scn_cnt_validation,Quarterly CNT current-price flows annualized by sum.,quarterly_to_annual_sum,585,Valores a precos correntes,,
2007,2007,90707,PIB a precos de mercado,2720263.0,Milhoes de Reais,IBGE SIDRA,CNT 1846,annual,scn_cnt_validation,Quarterly CNT current-price flows annualized by sum.,quarterly_to_annual_sum,585,Valores a precos correntes,,
2008,2008,90707,PIB a precos de mercado,3109803.0,Milhoes de Reais,IBGE SIDRA,CNT 1846,annual,scn_cnt_validation,Quarterly CNT current-price flows annualized by sum.,quarterly_to_annual_sum,585,Valores a precos correntes,,
2009,2009,90707,PIB a precos de mercado,3333039.0,Milhoes de Reais,IBGE SIDRA,CNT 1846,annual,scn_cnt_validation,Quarterly CNT current-price flows annualized by sum.,quarterly_to_annual_sum,585,Valores a precos correntes,,
2010,2010,90707,PIB a precos de mercado,3885847.0,Milhoes de Reais,IBGE SIDRA,CNT 1846,annual,scn_cnt_validation,Quarterly CNT current-price flows annualized by sum.,quarterly_to_annual_sum,585,Valores a precos correntes,,
2011,2011,90707,PIB a precos de mercado,4376382.0,Milhoes de Reais,IBGE SIDRA,CNT 1846,annual,scn_cnt_validation,Quarterly CNT current-price flows annualized by sum.,quarterly_to_annual_sum,585,Valores a precos correntes,,
2012,2012,90707,PIB a precos de mercado,4814760.0,Milhoes de Reais,IBGE SIDRA,CNT 1846,annual,scn_cnt_validation,Quarterly CNT current-price flows annualized by sum.,quarterly_to_annual_sum,585,Valores a precos correntes,,
2013,2013,90707,PIB a precos de mercado,5331619.0,Milhoes de Reais,IBGE SIDRA,CNT 1846,annual,scn_cnt_validation,Quarterly CNT current-price flows annualized by sum.,quarterly_to_annual_sum,585,Valores a precos correntes,,
2014,2014,90707,PIB a precos de mercado,5778953.0,Milhoes de Reais,IBGE SIDRA,CNT 1846,annual,scn_cnt_validation,Quarterly CNT current-price flows annualized by sum.,quarterly_to_annual_sum,585,Valores a precos correntes,,
2015,2015,90707,PIB a precos de mercado,5995787.0,Milhoes de Reais,IBGE SIDRA,CNT 1846,annual,scn_cnt_validation,Quarterly CNT current-price flows annualized by sum.,quarterly_to_annual_sum,585,Valores a precos correntes,,
2016,2016,90707,PIB a precos de mercado,6269327.0,Milhoes de Reais,IBGE SIDRA,CNT 1846,annual,scn_cnt_validation,Quarterly CNT current-price flows annualized by sum.,quarterly_to_annual_sum,585,Valores a precos correntes,,
2017,2017,90707,PIB a precos de mercado,6585479.0,Milhoes de Reais,IBGE SIDRA,CNT 1846,annual,scn_cnt_validation,Quarterly CNT current-price flows annualized by sum.,quarterly_to_annual_sum,585,Valores a precos correntes,,
2018,2018,90707,PIB a precos de mercado,7004141.0,Milhoes de Reais,IBGE SIDRA,CNT 1846,annual,scn_cnt_validation,Quarterly CNT current-price flows annualized by sum.,quarterly_to_annual_sum,585,Valores a precos correntes,,
2019,2019,90707,PIB a precos de mercado,7389131.0,Milhoes de Reais,IBGE SIDRA,CNT 1846,annual,scn_cnt_validation,Quarterly CNT current-price flows annualized by sum.,quarterly_to_annual_sum,585,Valores a precos correntes,,
2020,2020,90707,PIB a precos de mercado,7609597.0,Milhoes de Reais,IBGE SIDRA,CNT 1846,annual,scn_cnt_validation,Quarterly CNT current-price flows annualized by sum.,quarterly_to_annual_sum,585,Valores a precos correntes,,
2021,2021,90707,PIB a precos de mercado,9012142.0,Milhoes de Reais,IBGE SIDRA,CNT 1846,annual,scn_cnt_validation,Quarterly CNT current-price flows annualized by sum.,quarterly_to_annual_sum,585,Valores a precos correntes,,
2022,2022,90707,PIB a precos de mercado,10079676.0,Milhoes de Reais,IBGE SIDRA,CNT 1846,annual,scn_cnt_validation,Quarterly CNT current-price flows annualized by sum.,quarterly_to_annual_sum,585,Valores a precos correntes,,
2023,2023,90707,PIB a precos de mercado,10943344.0,Milhoes de Reais,IBGE SIDRA,CNT 1846,annual,scn_cnt_validation,Quarterly CNT current-price flows annualized by sum.,quarterly_to_annual_sum,585,Valores a precos correntes,,
1996,1996,93404,Despesa de consumo das familias,556941.0,Milhoes de Reais,IBGE SIDRA,CNT 1846,annual,scn_cnt_validation,Quarterly CNT current-price flows annualized by sum.,quarterly_to_annual_sum,585,Valores a precos correntes,,
1997,1997,93404,Despesa de consumo das familias,621807.0,Milhoes de Reais,IBGE SIDRA,CNT 1846,annual,scn_cnt_validation,Quarterly CNT current-price flows annualized by sum.,quarterly_to_annual_sum,585,Valores a precos correntes,,
1998,1998,93404,Despesa de consumo das familias,642931.0,Milhoes de Reais,IBGE SIDRA,CNT 1846,annual,scn_cnt_validation,Quarterly CNT current-price flows annualized by sum.,quarterly_to_annual_sum,585,Valores a precos correntes,,
1999,1999,93404,Despesa de consumo das familias,703532.0,Milhoes de Reais,IBGE SIDRA,CNT 1846,annual,scn_cnt_validation,Quarterly CNT current-price flows annualized by sum.,quarterly_to_annual_sum,585,Valores a precos correntes,,
2000,2000,93404,Despesa de consumo das familias,774526.0,Milhoes de Reais,IBGE SIDRA,CNT 1846,annual,scn_cnt_validation,Quarterly CNT current-price flows annualized by sum.,quarterly_to_annual_sum,585,Valores a precos correntes,,
2001,2001,93404,Despesa de consumo das familias,843501.0,Milhoes de Reais,IBGE SIDRA,CNT 1846,annual,scn_cnt_validation,Quarterly CNT current-price flows annualized by sum.,quarterly_to_annual_sum,585,Valores a precos correntes,,
2002,2002,93404,Despesa de consumo das familias,921536.0,Milhoes de Reais,IBGE SIDRA,CNT 1846,annual,scn_cnt_validation,Quarterly CNT current-price flows annualized by sum.,quarterly_to_annual_sum,585,Valores a precos correntes,,
2003,2003,93404,Despesa de consumo das familias,1062460.0,Milhoes de Reais,IBGE SIDRA,CNT 1846,annual,scn_cnt_validation,Quarterly CNT current-price flows annualized by sum.,quarterly_to_annual_sum,585,Valores a precos correntes,,
2004,2004,93404,Despesa de consumo das familias,1178694.0,Milhoes de Reais,IBGE SIDRA,CNT 1846,annual,scn_cnt_validation,Quarterly CNT current-price flows annualized by sum.,quarterly_to_annual_sum,585,Valores a precos correntes,,
2005,2005,93404,Despesa de consumo das familias,1313296.0,Milhoes de Reais,IBGE SIDRA,CNT 1846,annual,scn_cnt_validation,Quarterly CNT current-price flows annualized by sum.,quarterly_to_annual_sum,585,Valores a precos correntes,,
2006,2006,93404,Despesa de consumo das familias,1456216.0,Milhoes de Reais,IBGE SIDRA,CNT 1846,annual,scn_cnt_validation,Quarterly CNT current-price flows annualized by sum.,quarterly_to_annual_sum,585,Valores a precos correntes,,
2007,2007,93404,Despesa de consumo das familias,1628756.0,Milhoes de Reais,IBGE SIDRA,CNT 1846,annual,scn_cnt_validation,Quarterly CNT current-price flows annualized by sum.,quarterly_to_annual_sum,585,Valores a precos correntes,,
2008,2008,93404,Despesa de consumo das familias,1857510.0,Milhoes de Reais,IBGE SIDRA,CNT 1846,annual,scn_cnt_validation,Quarterly CNT current-price flows annualized by sum.,quarterly_to_annual_sum,585,Valores a precos correntes,,
2009,2009,93404,Despesa de consumo das familias,2065033.0,Milhoes de Reais,IBGE SIDRA,CNT 1846,annual,scn_cnt_validation,Quarterly CNT current-price flows annualized by sum.,quarterly_to_annual_sum,585,Valores a precos correntes,,
2010,2010,93404,Despesa de consumo das familias,2340166.0,Milhoes de Reais,IBGE SIDRA,CNT 1846,annual,scn_cnt_validation,Quarterly CNT current-price flows annualized by sum.,quarterly_to_annual_sum,585,Valores a precos correntes,,
2011,2011,93404,Despesa de consumo das familias,2637814.0,Milhoes de Reais,IBGE SIDRA,CNT 1846,annual,scn_cnt_validation,Quarterly CNT current-price flows annualized by sum.,quarterly_to_annual_sum,585,Valores a precos correntes,,
2012,2012,93404,Despesa de consumo das familias,2956835.0,Milhoes de Reais,IBGE SIDRA,CNT 1846,annual,scn_cnt_validation,Quarterly CNT current-price flows annualized by sum.,quarterly_to_annual_sum,585,Valores a precos correntes,,
2013,2013,93404,Despesa de consumo das familias,3290423.0,Milhoes de Reais,IBGE SIDRA,CNT 1846,annual,scn_cnt_validation,Quarterly CNT current-price flows annualized by sum.,quarterly_to_annual_sum,585,Valores a precos correntes,,
2014,2014,93404,Despesa de consumo das familias,3638404.0,Milhoes de Reais,IBGE SIDRA,CNT 1846,annual,scn_cnt_validation,Quarterly CNT current-price flows annualized by sum.,quarterly_to_annual_sum,585,Valores a precos correntes,,
2015,2015,93404,Despesa de consumo das familias,3835192.0,Milhoes de Reais,IBGE SIDRA,CNT 1846,annual,scn_cnt_validation,Quarterly CNT current-price flows annualized by sum.,quarterly_to_annual_sum,585,Valores a precos correntes,,
2016,2016,93404,Despesa de consumo das familias,4028136.0,Milhoes de Reais,IBGE SIDRA,CNT 1846,annual,scn_cnt_validation,Quarterly CNT current-price flows annualized by sum.,quarterly_to_annual_sum,585,Valores a precos correntes,,
2017,2017,93404,Despesa de consumo das familias,4247259.0,Milhoes de Reais,IBGE SIDRA,CNT 1846,annual,scn_cnt_validation,Quarterly CNT current-price flows annualized by sum.,quarterly_to_annual_sum,585,Valores a precos correntes,,
2018,2018,93404,Despesa de consumo das familias,4525802.0,Milhoes de Reais,IBGE SIDRA,CNT 1846,annual,scn_cnt_validation,Quarterly CNT current-price flows annualized by sum.,quarterly_to_annual_sum,585,Valores a precos correntes,,
2019,2019,93404,Despesa de consumo das familias,4813579.0,Milhoes de Reais,IBGE SIDRA,CNT 1846,annual,scn_cnt_validation,Quarterly CNT current-price flows annualized by sum.,quarterly_to_annual_sum,585,Valores a precos correntes,,
2020,2020,93404,Despesa de consumo das familias,4805004.0,Milhoes de Reais,IBGE SIDRA,CNT 1846,annual,scn_cnt_validation,Quarterly CNT current-price flows annualized by sum.,quarterly_to_annual_sum,585,Valores a precos correntes,,
2021,2021,93404,Despesa de consumo das familias,5530571.0,Milhoes de Reais,IBGE SIDRA,CNT 1846,annual,scn_cnt_validation,Quarterly CNT current-price flows annualized by sum.,quarterly_to_annual_sum,585,Valores a precos correntes,,
2022,2022,93404,Despesa de consumo das familias,6356659.0,Milhoes de Reais,IBGE SIDRA,CNT 1846,annual,scn_cnt_validation,Quarterly CNT current-price flows annualized by sum.,quarterly_to_annual_sum,585,Valores a precos correntes,,
2023,2023,93404,Despesa de consumo das familias,6886026.0,Milhoes de Reais,IBGE SIDRA,CNT 1846,annual,scn_cnt_validation,Quarterly CNT current-price flows annualized by sum.,quarterly_to_annual_sum,585,Valores a precos correntes,,
1996,1996,93406,Formacao bruta de capital fixo,159334.0,Milhoes de Reais,IBGE SIDRA,CNT 1846,annual,scn_cnt_validation,Quarterly CNT current-price flows annualized by sum.,quarterly_to_annual_sum,585,Valores a precos correntes,,
1997,1997,93406,Formacao bruta de capital fixo,182067.0,Milhoes de Reais,IBGE SIDRA,CNT 1846,annual,scn_cnt_validation,Quarterly CNT current-price flows annualized by sum.,quarterly_to_annual_sum,585,Valores a precos correntes,,
1998,1998,93406,Formacao bruta de capital fixo,185859.0,Milhoes de Reais,IBGE SIDRA,CNT 1846,annual,scn_cnt_validation,Quarterly CNT current-price flows annualized by sum.,quarterly_to_annual_sum,585,Valores a precos correntes,,
1999,1999,93406,Formacao bruta de capital fixo,185088.0,Milhoes de Reais,IBGE SIDRA,CNT 1846,annual,scn_cnt_validation,Quarterly CNT current-price flows annualized by sum.,quarterly_to_annual_sum,585,Valores a precos correntes,,
2000,2000,93406,Formacao bruta de capital fixo,219488.0,Milhoes de Reais,IBGE SIDRA,CNT 1846,annual,scn_cnt_validation,Quarterly CNT current-price flows annualized by sum.,quarterly_to_annual_sum,585,Valores a precos correntes,,
2001,2001,93406,Formacao bruta de capital fixo,242336.0,Milhoes de Reais,IBGE SIDRA,CNT 1846,annual,scn_cnt_validation,Quarterly CNT current-price flows annualized by sum.,quarterly_to_annual_sum,585,Valores a precos correntes,,
2002,2002,93406,Formacao bruta de capital fixo,266883.0,Milhoes de Reais,IBGE SIDRA,CNT 1846,annual,scn_cnt_validation,Quarterly CNT current-price flows annualized by sum.,quarterly_to_annual_sum,585,Valores a precos correntes,,
2003,2003,93406,Formacao bruta de capital fixo,285262.0,Milhoes de Reais,IBGE SIDRA,CNT 1846,annual,scn_cnt_validation,Quarterly CNT current-price flows annualized by sum.,quarterly_to_annual_sum,585,Valores a precos correntes,,
2004,2004,93406,Formacao bruta de capital fixo,339086.0,Milhoes de Reais,IBGE SIDRA,CNT 1846,annual,scn_cnt_validation,Quarterly CNT current-price flows annualized by sum.,quarterly_to_annual_sum,585,Valores a precos correntes,,
2005,2005,93406,Formacao bruta de capital fixo,370219.0,Milhoes de Reais,IBGE SIDRA,CNT 1846,annual,scn_cnt_validation,Quarterly CNT current-price flows annualized by sum.,quarterly_to_annual_sum,585,Valores a precos correntes,,
2006,2006,93406,Formacao bruta de capital fixo,414674.0,Milhoes de Reais,IBGE SIDRA,CNT 1846,annual,scn_cnt_validation,Quarterly CNT current-price flows annualized by sum.,quarterly_to_annual_sum,585,Valores a precos correntes,,
2007,2007,93406,Formacao bruta de capital fixo,489532.0,Milhoes de Reais,IBGE SIDRA,CNT 1846,annual,scn_cnt_validation,Quarterly CNT current-price flows annualized by sum.,quarterly_to_annual_sum,585,Valores a precos correntes,,
2008,2008,93406,Formacao bruta de capital fixo,602846.0,Milhoes de Reais,IBGE SIDRA,CNT 1846,annual,scn_cnt_validation,Quarterly CNT current-price flows annualized by sum.,quarterly_to_annual_sum,585,Valores a precos correntes,,
2009,2009,93406,Formacao bruta de capital fixo,636677.0,Milhoes de Reais,IBGE SIDRA,CNT 1846,annual,scn_cnt_validation,Quarterly CNT current-price flows annualized by sum.,quarterly_to_annual_sum,585,Valores a precos correntes,,
2010,2010,93406,Formacao bruta de capital fixo,797946.0,Milhoes de Reais,IBGE SIDRA,CNT 1846,annual,scn_cnt_validation,Quarterly CNT current-price flows annualized by sum.,quarterly_to_annual_sum,585,Valores a precos correntes,,
2011,2011,93406,Formacao bruta de capital fixo,901928.0,Milhoes de Reais,IBGE SIDRA,CNT 1846,annual,scn_cnt_validation,Quarterly CNT current-price flows annualized by sum.,quarterly_to_annual_sum,585,Valores a precos correntes,,
2012,2012,93406,Formacao bruta de capital fixo,997461.0,Milhoes de Reais,IBGE SIDRA,CNT 1846,annual,scn_cnt_validation,Quarterly CNT current-price flows annualized by sum.,quarterly_to_annual_sum,585,Valores a precos correntes,,
2013,2013,93406,Formacao bruta de capital fixo,1114944.0,Milhoes de Reais,IBGE SIDRA,CNT 1846,annual,scn_cnt_validation,Quarterly CNT current-price flows annualized by sum.,quarterly_to_annual_sum,585,Valores a precos correntes,,
2014,2014,93406,Formacao bruta de capital fixo,1148453.0,Milhoes de Reais,IBGE SIDRA,CNT 1846,annual,scn_cnt_validation,Quarterly CNT current-price flows annualized by sum.,quarterly_to_annual_sum,585,Valores a precos correntes,,
2015,2015,93406,Formacao bruta de capital fixo,1069397.0,Milhoes de Reais,IBGE SIDRA,CNT 1846,annual,scn_cnt_validation,Quarterly CNT current-price flows annualized by sum.,quarterly_to_annual_sum,585,Valores a precos correntes,,
2016,2016,93406,Formacao bruta de capital fixo,973270.0,Milhoes de Reais,IBGE SIDRA,CNT 1846,annual,scn_cnt_validation,Quarterly CNT current-price flows annualized by sum.,quarterly_to_annual_sum,585,Valores a precos correntes,,
2017,2017,93406,Formacao bruta de capital fixo,958779.0,Milhoes de Reais,IBGE SIDRA,CNT 1846,annual,scn_cnt_validation,Quarterly CNT current-price flows annualized by sum.,quarterly_to_annual_sum,585,Valores a precos correntes,,
2018,2018,93406,Formacao bruta de capital fixo,1057408.0,Milhoes de Reais,IBGE SIDRA,CNT 1846,annual,scn_cnt_validation,Quarterly CNT current-price flows annualized by sum.,quarterly_to_annual_sum,585,Valores a precos correntes,,
2019,2019,93406,Formacao bruta de capital fixo,1143186.0,Milhoes de Reais,IBGE SIDRA,CNT 1846,annual,scn_cnt_validation,Quarterly CNT current-price flows annualized by sum.,quarterly_to_annual_sum,585,Valores a precos correntes,,
2020,2020,93406,Formacao bruta de capital fixo,1260228.0,Milhoes de Reais,IBGE SIDRA,CNT 1846,annual,scn_cnt_validation,Quarterly CNT current-price flows annualized by sum.,quarterly_to_annual_sum,585,Valores a precos correntes,,
2021,2021,93406,Formacao bruta de capital fixo,1614782.0,Milhoes de Reais,IBGE SIDRA,CNT 1846,annual,scn_cnt_validation,Quarterly CNT current-price flows annualized by sum.,quarterly_to_annual_sum,585,Valores a precos correntes,,
2022,2022,93406,Formacao bruta de capital fixo,1794223.0,Milhoes de Reais,IBGE SIDRA,CNT 1846,annual,scn_cnt_validation,Quarterly CNT current-price flows annualized by sum.,quarterly_to_annual_sum,585,Valores a precos correntes,,
2023,2023,93406,Formacao bruta de capital fixo,1795909.0,Milhoes de Reais,IBGE SIDRA,CNT 1846,annual,scn_cnt_validation,Quarterly CNT current-price flows annualized by sum.,quarterly_to_annual_sum,585,Valores a precos correntes,,
2000,2000,90707,PIB a precos de mercado,1199092.070940209,1_000_000 BRL,IBGE SCN annual workbook,SCN 2023 tab05,annual,scn_annual_reference,"Annual official SCN tab05 current-price reference for GDP, household consumption, and FBCF.",annual_official,,,tab05:B:total:valor_corrente,Sistema de Contas Nacionais 2023
2001,2001,90707,PIB a precos de mercado,1315755.4678309304,1_000_000 BRL,IBGE SCN annual workbook,SCN 2023 tab05,annual,scn_annual_reference,"Annual official SCN tab05 current-price reference for GDP, household consumption, and FBCF.",annual_official,,,tab05:B:total:valor_corrente,Sistema de Contas Nacionais 2023
2002,2002,90707,PIB a precos de mercado,1488787.255158369,1_000_000 BRL,IBGE SCN annual workbook,SCN 2023 tab05,annual,scn_annual_reference,"Annual official SCN tab05 current-price reference for GDP, household consumption, and FBCF.",annual_official,,,tab05:B:total:valor_corrente,Sistema de Contas Nacionais 2023
2003,2003,90707,PIB a precos de mercado,1717950.396424489,1_000_000 BRL,IBGE SCN annual workbook,SCN 2023 tab05,annual,scn_annual_reference,"Annual official SCN tab05 current-price reference for GDP, household consumption, and FBCF.",annual_official,,,tab05:B:total:valor_corrente,Sistema de Contas Nacionais 2023
2004,2004,90707,PIB a precos de mercado,1957751.2129625634,1_000_000 BRL,IBGE SCN annual workbook,SCN 2023 tab05,annual,scn_annual_reference,"Annual official SCN tab05 current-price reference for GDP, household consumption, and FBCF.",annual_official,,,tab05:B:total:valor_corrente,Sistema de Contas Nacionais 2023
2005,2005,90707,PIB a precos de mercado,2170584.503422134,1_000_000 BRL,IBGE SCN annual workbook,SCN 2023 tab05,annual,scn_annual_reference,"Annual official SCN tab05 current-price reference for GDP, household consumption, and FBCF.",annual_official,,,tab05:B:total:valor_corrente,Sistema de Contas Nacionais 2023
2006,2006,90707,PIB a precos de mercado,2409449.9220720525,1_000_000 BRL,IBGE SCN annual workbook,SCN 2023 tab05,annual,scn_annual_reference,"Annual official SCN tab05 current-price reference for GDP, household consumption, and FBCF.",annual_official,,,tab05:B:total:valor_corrente,Sistema de Contas Nacionais 2023
2007,2007,90707,PIB a precos de mercado,2720262.9378383216,1_000_000 BRL,IBGE SCN annual workbook,SCN 2023 tab05,annual,scn_annual_reference,"Annual official SCN tab05 current-price reference for GDP, household consumption, and FBCF.",annual_official,,,tab05:B:total:valor_corrente,Sistema de Contas Nacionais 2023
2008,2008,90707,PIB a precos de mercado,3109803.0890462855,1_000_000 BRL,IBGE SCN annual workbook,SCN 2023 tab05,annual,scn_annual_reference,"Annual official SCN tab05 current-price reference for GDP, household consumption, and FBCF.",annual_official,,,tab05:B:total:valor_corrente,Sistema de Contas Nacionais 2023
2009,2009,90707,PIB a precos de mercado,3333039.355422417,1_000_000 BRL,IBGE SCN annual workbook,SCN 2023 tab05,annual,scn_annual_reference,"Annual official SCN tab05 current-price reference for GDP, household consumption, and FBCF.",annual_official,,,tab05:B:total:valor_corrente,Sistema de Contas Nacionais 2023
2010,2010,90707,PIB a precos de mercado,3885847.0,1_000_000 BRL,IBGE SCN annual workbook,SCN 2023 tab05,annual,scn_annual_reference,"Annual official SCN tab05 current-price reference for GDP, household consumption, and FBCF.",annual_official,,,tab05:B:total:valor_corrente,Sistema de Contas Nacionais 2023
2011,2011,90707,PIB a precos de mercado,4376382.0,1_000_000 BRL,IBGE SCN annual workbook,SCN 2023 tab05,annual,scn_annual_reference,"Annual official SCN tab05 current-price reference for GDP, household consumption, and FBCF.",annual_official,,,tab05:B:total:valor_corrente,Sistema de Contas Nacionais 2023
2012,2012,90707,PIB a precos de mercado,4814760.0,1_000_000 BRL,IBGE SCN annual workbook,SCN 2023 tab05,annual,scn_annual_reference,"Annual official SCN tab05 current-price reference for GDP, household consumption, and FBCF.",annual_official,,,tab05:B:total:valor_corrente,Sistema de Contas Nacionais 2023
2013,2013,90707,PIB a precos de mercado,5331619.0,1_000_000 BRL,IBGE SCN annual workbook,SCN 2023 tab05,annual,scn_annual_reference,"Annual official SCN tab05 current-price reference for GDP, household consumption, and FBCF.",annual_official,,,tab05:B:total:valor_corrente,Sistema de Contas Nacionais 2023
2014,2014,90707,PIB a precos de mercado,5778953.0,1_000_000 BRL,IBGE SCN annual workbook,SCN 2023 tab05,annual,scn_annual_reference,"Annual official SCN tab05 current-price reference for GDP, household consumption, and FBCF.",annual_official,,,tab05:B:total:valor_corrente,Sistema de Contas Nacionais 2023
2015,2015,90707,PIB a precos de mercado,5995787.0,1_000_000 BRL,IBGE SCN annual workbook,SCN 2023 tab05,annual,scn_annual_reference,"Annual official SCN tab05 current-price reference for GDP, household consumption, and FBCF.",annual_official,,,tab05:B:total:valor_corrente,Sistema de Contas Nacionais 2023
2016,2016,90707,PIB a precos de mercado,6269328.0,1_000_000 BRL,IBGE SCN annual workbook,SCN 2023 tab05,annual,scn_annual_reference,"Annual official SCN tab05 current-price reference for GDP, household consumption, and FBCF.",annual_official,,,tab05:B:total:valor_corrente,Sistema de Contas Nacionais 2023
2017,2017,90707,PIB a precos de mercado,6585479.0,1_000_000 BRL,IBGE SCN annual workbook,SCN 2023 tab05,annual,scn_annual_reference,"Annual official SCN tab05 current-price reference for GDP, household consumption, and FBCF.",annual_official,,,tab05:B:total:valor_corrente,Sistema de Contas Nacionais 2023
2018,2018,90707,PIB a precos de mercado,7004141.0,1_000_000 BRL,IBGE SCN annual workbook,SCN 2023 tab05,annual,scn_annual_reference,"Annual official SCN tab05 current-price reference for GDP, household consumption, and FBCF.",annual_official,,,tab05:B:total:valor_corrente,Sistema de Contas Nacionais 2023
2019,2019,90707,PIB a precos de mercado,7389131.0,1_000_000 BRL,IBGE SCN annual workbook,SCN 2023 tab05,annual,scn_annual_reference,"Annual official SCN tab05 current-price reference for GDP, household consumption, and FBCF.",annual_official,,,tab05:B:total:valor_corrente,Sistema de Contas Nacionais 2023
2020,2020,90707,PIB a precos de mercado,7609597.0,1_000_000 BRL,IBGE SCN annual workbook,SCN 2023 tab05,annual,scn_annual_reference,"Annual official SCN tab05 current-price reference for GDP, household consumption, and FBCF.",annual_official,,,tab05:B:total:valor_corrente,Sistema de Contas Nacionais 2023
2021,2021,90707,PIB a precos de mercado,9012142.0,1_000_000 BRL,IBGE SCN annual workbook,SCN 2023 tab05,annual,scn_annual_reference,"Annual official SCN tab05 current-price reference for GDP, household consumption, and FBCF.",annual_official,,,tab05:B:total:valor_corrente,Sistema de Contas Nacionais 2023
2022,2022,90707,PIB a precos de mercado,10079676.693,1_000_000 BRL,IBGE SCN annual workbook,SCN 2023 tab05,annual,scn_annual_reference,"Annual official SCN tab05 current-price reference for GDP, household consumption, and FBCF.",annual_official,,,tab05:B:total:valor_corrente,Sistema de Contas Nacionais 2023
2023,2023,90707,PIB a precos de mercado,10943345.0,1_000_000 BRL,IBGE SCN annual workbook,SCN 2023 tab05,annual,scn_annual_reference,"Annual official SCN tab05 current-price reference for GDP, household consumption, and FBCF.",annual_official,,,tab05:B:total:valor_corrente,Sistema de Contas Nacionais 2023
2000,2000,93404,Despesa de consumo das familias,754332.711508246,1_000_000 BRL,IBGE SCN annual workbook,SCN 2023 tab05,annual,scn_annual_reference,"Annual official SCN tab05 current-price reference for GDP, household consumption, and FBCF.",annual_official,,,tab05:B:consumo_familias:valor_corrente,Sistema de Contas Nacionais 2023
2001,2001,93404,Despesa de consumo das familias,822655.8544001289,1_000_000 BRL,IBGE SCN annual workbook,SCN 2023 tab05,annual,scn_annual_reference,"Annual official SCN tab05 current-price reference for GDP, household consumption, and FBCF.",annual_official,,,tab05:B:consumo_familias:valor_corrente,Sistema de Contas Nacionais 2023
2002,2002,93404,Despesa de consumo das familias,895614.4327528495,1_000_000 BRL,IBGE SCN annual workbook,SCN 2023 tab05,annual,scn_annual_reference,"Annual official SCN tab05 current-price reference for GDP, household consumption, and FBCF.",annual_official,,,tab05:B:consumo_familias:valor_corrente,Sistema de Contas Nacionais 2023
2003,2003,93404,Despesa de consumo das familias,1035030.1683011958,1_000_000 BRL,IBGE SCN annual workbook,SCN 2023 tab05,annual,scn_annual_reference,"Annual official SCN tab05 current-price reference for GDP, household consumption, and FBCF.",annual_official,,,tab05:B:consumo_familias:valor_corrente,Sistema de Contas Nacionais 2023
2004,2004,93404,Despesa de consumo das familias,1147361.7681947094,1_000_000 BRL,IBGE SCN annual workbook,SCN 2023 tab05,annual,scn_annual_reference,"Annual official SCN tab05 current-price reference for GDP, household consumption, and FBCF.",annual_official,,,tab05:B:consumo_familias:valor_corrente,Sistema de Contas Nacionais 2023
2005,2005,93404,Despesa de consumo das familias,1277026.9828584273,1_000_000 BRL,IBGE SCN annual workbook,SCN 2023 tab05,annual,scn_annual_reference,"Annual official SCN tab05 current-price reference for GDP, household consumption, and FBCF.",annual_official,,,tab05:B:consumo_familias:valor_corrente,Sistema de Contas Nacionais 2023
2006,2006,93404,Despesa de consumo das familias,1411686.2794611938,1_000_000 BRL,IBGE SCN annual workbook,SCN 2023 tab05,annual,scn_annual_reference,"Annual official SCN tab05 current-price reference for GDP, household consumption, and FBCF.",annual_official,,,tab05:B:consumo_familias:valor_corrente,Sistema de Contas Nacionais 2023
2007,2007,93404,Despesa de consumo das familias,1585632.3035661874,1_000_000 BRL,IBGE SCN annual workbook,SCN 2023 tab05,annual,scn_annual_reference,"Annual official SCN tab05 current-price reference for GDP, household consumption, and FBCF.",annual_official,,,tab05:B:consumo_familias:valor_corrente,Sistema de Contas Nacionais 2023
2008,2008,93404,Despesa de consumo das familias,1809793.9711751866,1_000_000 BRL,IBGE SCN annual workbook,SCN 2023 tab05,annual,scn_annual_reference,"Annual official SCN tab05 current-price reference for GDP, household consumption, and FBCF.",annual_official,,,tab05:B:consumo_familias:valor_corrente,Sistema de Contas Nacionais 2023
2009,2009,93404,Despesa de consumo das familias,2011763.0546221174,1_000_000 BRL,IBGE SCN annual workbook,SCN 2023 tab05,annual,scn_annual_reference,"Annual official SCN tab05 current-price reference for GDP, household consumption, and FBCF.",annual_official,,,tab05:B:consumo_familias:valor_corrente,Sistema de Contas Nacionais 2023
2010,2010,93404,Despesa de consumo das familias,2278735.0,1_000_000 BRL,IBGE SCN annual workbook,SCN 2023 tab05,annual,scn_annual_reference,"Annual official SCN tab05 current-price reference for GDP, household consumption, and FBCF.",annual_official,,,tab05:B:consumo_familias:valor_corrente,Sistema de Contas Nacionais 2023
2011,2011,93404,Despesa de consumo das familias,2573419.0,1_000_000 BRL,IBGE SCN annual workbook,SCN 2023 tab05,annual,scn_annual_reference,"Annual official SCN tab05 current-price reference for GDP, household consumption, and FBCF.",annual_official,,,tab05:B:consumo_familias:valor_corrente,Sistema de Contas Nacionais 2023
2012,2012,93404,Despesa de consumo das familias,2883929.0,1_000_000 BRL,IBGE SCN annual workbook,SCN 2023 tab05,annual,scn_annual_reference,"Annual official SCN tab05 current-price reference for GDP, household consumption, and FBCF.",annual_official,,,tab05:B:consumo_familias:valor_corrente,Sistema de Contas Nacionais 2023
2013,2013,93404,Despesa de consumo das familias,3213817.0,1_000_000 BRL,IBGE SCN annual workbook,SCN 2023 tab05,annual,scn_annual_reference,"Annual official SCN tab05 current-price reference for GDP, household consumption, and FBCF.",annual_official,,,tab05:B:consumo_familias:valor_corrente,Sistema de Contas Nacionais 2023
2014,2014,93404,Despesa de consumo das familias,3555352.0,1_000_000 BRL,IBGE SCN annual workbook,SCN 2023 tab05,annual,scn_annual_reference,"Annual official SCN tab05 current-price reference for GDP, household consumption, and FBCF.",annual_official,,,tab05:B:consumo_familias:valor_corrente,Sistema de Contas Nacionais 2023
2015,2015,93404,Despesa de consumo das familias,3747870.0,1_000_000 BRL,IBGE SCN annual workbook,SCN 2023 tab05,annual,scn_annual_reference,"Annual official SCN tab05 current-price reference for GDP, household consumption, and FBCF.",annual_official,,,tab05:B:consumo_familias:valor_corrente,Sistema de Contas Nacionais 2023
2016,2016,93404,Despesa de consumo das familias,3939208.0,1_000_000 BRL,IBGE SCN annual workbook,SCN 2023 tab05,annual,scn_annual_reference,"Annual official SCN tab05 current-price reference for GDP, household consumption, and FBCF.",annual_official,,,tab05:B:consumo_familias:valor_corrente,Sistema de Contas Nacionais 2023
2017,2017,93404,Despesa de consumo das familias,4156152.0,1_000_000 BRL,IBGE SCN annual workbook,SCN 2023 tab05,annual,scn_annual_reference,"Annual official SCN tab05 current-price reference for GDP, household consumption, and FBCF.",annual_official,,,tab05:B:consumo_familias:valor_corrente,Sistema de Contas Nacionais 2023
2018,2018,93404,Despesa de consumo das familias,4423548.0,1_000_000 BRL,IBGE SCN annual workbook,SCN 2023 tab05,annual,scn_annual_reference,"Annual official SCN tab05 current-price reference for GDP, household consumption, and FBCF.",annual_official,,,tab05:B:consumo_familias:valor_corrente,Sistema de Contas Nacionais 2023
2019,2019,93404,Despesa de consumo das familias,4705528.0,1_000_000 BRL,IBGE SCN annual workbook,SCN 2023 tab05,annual,scn_annual_reference,"Annual official SCN tab05 current-price reference for GDP, household consumption, and FBCF.",annual_official,,,tab05:B:consumo_familias:valor_corrente,Sistema de Contas Nacionais 2023
2020,2020,93404,Despesa de consumo das familias,4700085.0,1_000_000 BRL,IBGE SCN annual workbook,SCN 2023 tab05,annual,scn_annual_reference,"Annual official SCN tab05 current-price reference for GDP, household consumption, and FBCF.",annual_official,,,tab05:B:consumo_familias:valor_corrente,Sistema de Contas Nacionais 2023
2021,2021,93404,Despesa de consumo das familias,5415523.0,1_000_000 BRL,IBGE SCN annual workbook,SCN 2023 tab05,annual,scn_annual_reference,"Annual official SCN tab05 current-price reference for GDP, household consumption, and FBCF.",annual_official,,,tab05:B:consumo_familias:valor_corrente,Sistema de Contas Nacionais 2023
2022,2022,93404,Despesa de consumo das familias,6356657.665000001,1_000_000 BRL,IBGE SCN annual workbook,SCN 2023 tab05,annual,scn_annual_reference,"Annual official SCN tab05 current-price reference for GDP, household consumption, and FBCF.",annual_official,,,tab05:B:consumo_familias:valor_corrente,Sistema de Contas Nacionais 2023
2023,2023,93404,Despesa de consumo das familias,6886025.570240398,1_000_000 BRL,IBGE SCN annual workbook,SCN 2023 tab05,annual,scn_annual_reference,"Annual official SCN tab05 current-price reference for GDP, household consumption, and FBCF.",annual_official,,,tab05:B:consumo_familias:valor_corrente,Sistema de Contas Nacionais 2023
2000,2000,93406,Formacao bruta de capital fixo,219487.66459176427,1_000_000 BRL,IBGE SCN annual workbook,SCN 2023 tab05,annual,scn_annual_reference,"Annual official SCN tab05 current-price reference for GDP, household consumption, and FBCF.",annual_official,,,tab05:B:fbcf:valor_corrente,Sistema de Contas Nacionais 2023
2001,2001,93406,Formacao bruta de capital fixo,242336.98020158752,1_000_000 BRL,IBGE SCN annual workbook,SCN 2023 tab05,annual,scn_annual_reference,"Annual official SCN tab05 current-price reference for GDP, household consumption, and FBCF.",annual_official,,,tab05:B:fbcf:valor_corrente,Sistema de Contas Nacionais 2023
2002,2002,93406,Formacao bruta de capital fixo,266883.7375726241,1_000_000 BRL,IBGE SCN annual workbook,SCN 2023 tab05,annual,scn_annual_reference,"Annual official SCN tab05 current-price reference for GDP, household consumption, and FBCF.",annual_official,,,tab05:B:fbcf:valor_corrente,Sistema de Contas Nacionais 2023
2003,2003,93406,Formacao bruta de capital fixo,285261.52566096914,1_000_000 BRL,IBGE SCN annual workbook,SCN 2023 tab05,annual,scn_annual_reference,"Annual official SCN tab05 current-price reference for GDP, household consumption, and FBCF.",annual_official,,,tab05:B:fbcf:valor_corrente,Sistema de Contas Nacionais 2023
2004,2004,93406,Formacao bruta de capital fixo,339087.07796384185,1_000_000 BRL,IBGE SCN annual workbook,SCN 2023 tab05,annual,scn_annual_reference,"Annual official SCN tab05 current-price reference for GDP, household consumption, and FBCF.",annual_official,,,tab05:B:fbcf:valor_corrente,Sistema de Contas Nacionais 2023
2005,2005,93406,Formacao bruta de capital fixo,370218.8749492157,1_000_000 BRL,IBGE SCN annual workbook,SCN 2023 tab05,annual,scn_annual_reference,"Annual official SCN tab05 current-price reference for GDP, household consumption, and FBCF.",annual_official,,,tab05:B:fbcf:valor_corrente,Sistema de Contas Nacionais 2023
2006,2006,93406,Formacao bruta de capital fixo,414673.5495242496,1_000_000 BRL,IBGE SCN annual workbook,SCN 2023 tab05,annual,scn_annual_reference,"Annual official SCN tab05 current-price reference for GDP, household consumption, and FBCF.",annual_official,,,tab05:B:fbcf:valor_corrente,Sistema de Contas Nacionais 2023
2007,2007,93406,Formacao bruta de capital fixo,489532.0260700399,1_000_000 BRL,IBGE SCN annual workbook,SCN 2023 tab05,annual,scn_annual_reference,"Annual official SCN tab05 current-price reference for GDP, household consumption, and FBCF.",annual_official,,,tab05:B:fbcf:valor_corrente,Sistema de Contas Nacionais 2023
2008,2008,93406,Formacao bruta de capital fixo,602845.577257331,1_000_000 BRL,IBGE SCN annual workbook,SCN 2023 tab05,annual,scn_annual_reference,"Annual official SCN tab05 current-price reference for GDP, household consumption, and FBCF.",annual_official,,,tab05:B:fbcf:valor_corrente,Sistema de Contas Nacionais 2023
2009,2009,93406,Formacao bruta de capital fixo,636675.778985953,1_000_000 BRL,IBGE SCN annual workbook,SCN 2023 tab05,annual,scn_annual_reference,"Annual official SCN tab05 current-price reference for GDP, household consumption, and FBCF.",annual_official,,,tab05:B:fbcf:valor_corrente,Sistema de Contas Nacionais 2023
2010,2010,93406,Formacao bruta de capital fixo,797946.0,1_000_000 BRL,IBGE SCN annual workbook,SCN 2023 tab05,annual,scn_annual_reference,"Annual official SCN tab05 current-price reference for GDP, household consumption, and FBCF.",annual_official,,,tab05:B:fbcf:valor_corrente,Sistema de Contas Nacionais 2023
2011,2011,93406,Formacao bruta de capital fixo,901927.0,1_000_000 BRL,IBGE SCN annual workbook,SCN 2023 tab05,annual,scn_annual_reference,"Annual official SCN tab05 current-price reference for GDP, household consumption, and FBCF.",annual_official,,,tab05:B:fbcf:valor_corrente,Sistema de Contas Nacionais 2023
2012,2012,93406,Formacao bruta de capital fixo,997460.0,1_000_000 BRL,IBGE SCN annual workbook,SCN 2023 tab05,annual,scn_annual_reference,"Annual official SCN tab05 current-price reference for GDP, household consumption, and FBCF.",annual_official,,,tab05:B:fbcf:valor_corrente,Sistema de Contas Nacionais 2023
2013,2013,93406,Formacao bruta de capital fixo,1114944.0,1_000_000 BRL,IBGE SCN annual workbook,SCN 2023 tab05,annual,scn_annual_reference,"Annual official SCN tab05 current-price reference for GDP, household consumption, and FBCF.",annual_official,,,tab05:B:fbcf:valor_corrente,Sistema de Contas Nacionais 2023
2014,2014,93406,Formacao bruta de capital fixo,1148453.0,1_000_000 BRL,IBGE SCN annual workbook,SCN 2023 tab05,annual,scn_annual_reference,"Annual official SCN tab05 current-price reference for GDP, household consumption, and FBCF.",annual_official,,,tab05:B:fbcf:valor_corrente,Sistema de Contas Nacionais 2023
2015,2015,93406,Formacao bruta de capital fixo,1069397.0,1_000_000 BRL,IBGE SCN annual workbook,SCN 2023 tab05,annual,scn_annual_reference,"Annual official SCN tab05 current-price reference for GDP, household consumption, and FBCF.",annual_official,,,tab05:B:fbcf:valor_corrente,Sistema de Contas Nacionais 2023
2016,2016,93406,Formacao bruta de capital fixo,973271.0,1_000_000 BRL,IBGE SCN annual workbook,SCN 2023 tab05,annual,scn_annual_reference,"Annual official SCN tab05 current-price reference for GDP, household consumption, and FBCF.",annual_official,,,tab05:B:fbcf:valor_corrente,Sistema de Contas Nacionais 2023
2017,2017,93406,Formacao bruta de capital fixo,958779.0,1_000_000 BRL,IBGE SCN annual workbook,SCN 2023 tab05,annual,scn_annual_reference,"Annual official SCN tab05 current-price reference for GDP, household consumption, and FBCF.",annual_official,,,tab05:B:fbcf:valor_corrente,Sistema de Contas Nacionais 2023
2018,2018,93406,Formacao bruta de capital fixo,1057409.0,1_000_000 BRL,IBGE SCN annual workbook,SCN 2023 tab05,annual,scn_annual_reference,"Annual official SCN tab05 current-price reference for GDP, household consumption, and FBCF.",annual_official,,,tab05:B:fbcf:valor_corrente,Sistema de Contas Nacionais 2023
2019,2019,93406,Formacao bruta de capital fixo,1143185.0,1_000_000 BRL,IBGE SCN annual workbook,SCN 2023 tab05,annual,scn_annual_reference,"Annual official SCN tab05 current-price reference for GDP, household consumption, and FBCF.",annual_official,,,tab05:B:fbcf:valor_corrente,Sistema de Contas Nacionais 2023
2020,2020,93406,Formacao bruta de capital fixo,1260227.0,1_000_000 BRL,IBGE SCN annual workbook,SCN 2023 tab05,annual,scn_annual_reference,"Annual official SCN tab05 current-price reference for GDP, household consumption, and FBCF.",annual_official,,,tab05:B:fbcf:valor_corrente,Sistema de Contas Nacionais 2023
2021,2021,93406,Formacao bruta de capital fixo,1614782.0,1_000_000 BRL,IBGE SCN annual workbook,SCN 2023 tab05,annual,scn_annual_reference,"Annual official SCN tab05 current-price reference for GDP, household consumption, and FBCF.",annual_official,,,tab05:B:fbcf:valor_corrente,Sistema de Contas Nacionais 2023
2022,2022,93406,Formacao bruta de capital fixo,1794223.009,1_000_000 BRL,IBGE SCN annual workbook,SCN 2023 tab05,annual,scn_annual_reference,"Annual official SCN tab05 current-price reference for GDP, household consumption, and FBCF.",annual_official,,,tab05:B:fbcf:valor_corrente,Sistema de Contas Nacionais 2023
2023,2023,93406,Formacao bruta de capital fixo,1795909.5695337,1_000_000 BRL,IBGE SCN annual workbook,SCN 2023 tab05,annual,scn_annual_reference,"Annual official SCN tab05 current-price reference for GDP, household consumption, and FBCF.",annual_official,,,tab05:B:fbcf:valor_corrente,Sistema de Contas Nacionais 2023
